cnae_secao,Entrada,Nascimento,Reentrada,Saída de atividade,Sobrevivente,Total de empresas ativas,data_base,carteira_ativa,ativo_problematico,Seção CNAE e ano,Saída de atividade/Total
Indústrias extrativas,2105.0,1393.0,712.0,1545.0,9105.0,11210.0,2013,29848826300.86,268027526.9,Indústrias extrativas (2013),0.13782337198929528
Indústrias de transformação,64665.0,46261.0,18404.0,55564.0,381766.0,446431.0,2013,422462823269.6,16259804605.92,Indústrias de transformação (2013),0.1244626829230049
Eletricidade e gás,494.0,319.0,175.0,436.0,1786.0,2280.0,2013,109311064384.08,1517338427.5,Eletricidade e gás (2013),0.1912280701754386
"Água, esgoto, atividades de gestão de resíduos e descontaminação",2172.0,1602.0,570.0,1464.0,8430.0,10602.0,2013,11926372799.75,136820756.78,"Água, esgoto, atividades de gestão de resíduos e descontaminação (2013)",0.1380871533672892
Construção,64632.0,49875.0,14757.0,38376.0,180589.0,245221.0,2013,106047096539.21,5840216823.4,Construção (2013),0.15649556930279218
Comércio; reparação de veículos automotores e motocicletas,364701.0,251508.0,113193.0,328753.0,1834886.0,2199587.0,2013,292791574604.04,16860508243.85,Comércio; reparação de veículos automotores e motocicletas (2013),0.1494612397691021
"Transporte, armazenagem e correio",48103.0,36110.0,11993.0,34092.0,189040.0,237143.0,2013,137293554167.51,5599563461.7,"Transporte, armazenagem e correio (2013)",0.1437613591799041
Alojamento e alimentação,58786.0,44139.0,14647.0,48148.0,267851.0,326637.0,2013,14104883168.79,1275155575.35,Alojamento e alimentação (2013),0.1474052235356068
Informação e comunicação,31069.0,20251.0,10818.0,26848.0,119590.0,150659.0,2013,31942147711.93,615579217.64,Informação e comunicação (2013),0.17820375815583536
"Atividades financeiras, de seguros e serviços relacionados",16683.0,11895.0,4788.0,12087.0,61942.0,78625.0,2013,56230962259.5,971235952.45,"Atividades financeiras, de seguros e serviços relacionados (2013)",0.15372972972972973
Atividades imobiliárias,16562.0,12305.0,4257.0,7955.0,51495.0,68057.0,2013,18077988071.23,563187321.32,Atividades imobiliárias (2013),0.11688731504474191
"Atividades profissionais, científicas e técnicas",53578.0,37293.0,16285.0,37504.0,208872.0,262450.0,2013,19559459867.73,1234516050.8,"Atividades profissionais, científicas e técnicas (2013)",0.142899599923795
Atividades administrativas e serviços complementares,62553.0,46228.0,16325.0,43828.0,226897.0,289450.0,2013,46303092561.55,3570912779.09,Atividades administrativas e serviços complementares (2013),0.15141820694420452
"Administração pública, defesa e seguridade social",80.0,57.0,23.0,93.0,271.0,351.0,2013,71742919281.28,79888216.61999999,"Administração pública, defesa e seguridade social (2013)",0.26495726495726496
Educação,17369.0,13090.0,4279.0,11226.0,79146.0,96515.0,2013,8293255609.99,474581489.07,Educação (2013),0.11631352639486091
Saúde humana e serviços sociais,24767.0,18710.0,6057.0,13832.0,121617.0,146384.0,2013,16091099891.98,435573114.52,Saúde humana e serviços sociais (2013),0.0944912012241775
"Artes, cultura, esporte e recreação",12386.0,9081.0,3305.0,8067.0,39009.0,51395.0,2013,4242834974.02,222130763.88,"Artes, cultura, esporte e recreação (2013)",0.156960793851542
Outras atividades de serviços,24251.0,16910.0,7341.0,20479.0,94654.0,118905.0,2013,4758050287.38,663284679.75,Outras atividades de serviços (2013),0.17222993145788654
Organismos internacionais e outras instituições extraterritoriais,1.0,1.0,,1.0,2.0,3.0,2013,427301.4,3095.17,Organismos internacionais e outras instituições extraterritoriais (2013),0.3333333333333333
Indústrias extrativas,1471.0,1004.0,467.0,2058.0,9138.0,10609.0,2014,33982172733.63,459062787.97,Indústrias extrativas (2014),0.19398623809972665
Indústrias de transformação,53350.0,40178.0,13172.0,72205.0,374935.0,428285.0,2014,443247332758.9,19492957355.07,Indústrias de transformação (2014),0.16859100832389648
Eletricidade e gás,553.0,409.0,144.0,512.0,1751.0,2304.0,2014,126293885233.12,199127013.38,Eletricidade e gás (2014),0.2222222222222222
"Água, esgoto, atividades de gestão de resíduos e descontaminação",1758.0,1354.0,404.0,2065.0,8602.0,10360.0,2014,13821013134.35,191558132.03,"Água, esgoto, atividades de gestão de resíduos e descontaminação (2014)",0.19932432432432431
Construção,54496.0,43120.0,11376.0,57470.0,189702.0,244198.0,2014,114087959905.53,7167423138.69,Construção (2014),0.23534181279125954
Comércio; reparação de veículos automotores e motocicletas,289266.0,215329.0,73937.0,437670.0,1755419.0,2044685.0,2014,303000302824.77,19253393504.59,Comércio; reparação de veículos automotores e motocicletas (2014),0.21405253131900512
"Transporte, armazenagem e correio",42821.0,33590.0,9231.0,45648.0,193125.0,235946.0,2014,154753908019.99,5218349198.23,"Transporte, armazenagem e correio (2014)",0.19346799691454825
Alojamento e alimentação,51676.0,41593.0,10083.0,63496.0,263733.0,315409.0,2014,15606049261.99,1494954828.91,Alojamento e alimentação (2014),0.2013132155391888
Informação e comunicação,27173.0,18792.0,8381.0,35210.0,115579.0,142752.0,2014,34756025780.62,719255827.15,Informação e comunicação (2014),0.24665153553015018
"Atividades financeiras, de seguros e serviços relacionados",14759.0,11033.0,3726.0,16758.0,61675.0,76434.0,2014,69513695427.45,2932912539.95,"Atividades financeiras, de seguros e serviços relacionados (2014)",0.21924797864824555
Atividades imobiliárias,15052.0,11673.0,3379.0,13051.0,56062.0,71114.0,2014,23173958007.9,552453929.93,Atividades imobiliárias (2014),0.18352223190932868
"Atividades profissionais, científicas e técnicas",46698.0,34502.0,12196.0,52845.0,209983.0,256681.0,2014,22090681226.48,1580288118.94,"Atividades profissionais, científicas e técnicas (2014)",0.20587811330016637
Atividades administrativas e serviços complementares,53952.0,41500.0,12452.0,60591.0,229231.0,283183.0,2014,53220200884.66,3792195538.35,Atividades administrativas e serviços complementares (2014),0.21396411507752938
"Administração pública, defesa e seguridade social",58.0,40.0,18.0,104.0,187.0,245.0,2014,100058567289.01,118434432.54,"Administração pública, defesa e seguridade social (2014)",0.42448979591836733
Educação,15050.0,11938.0,3112.0,15462.0,81478.0,96528.0,2014,8863475791.46,515197310.1,Educação (2014),0.16018150174042764
Saúde humana e serviços sociais,23012.0,18329.0,4683.0,20111.0,126326.0,149338.0,2014,17424602528.3,594738218.4399999,Saúde humana e serviços sociais (2014),0.13466766663541765
"Artes, cultura, esporte e recreação",10162.0,7934.0,2228.0,12055.0,39247.0,49409.0,2014,4563543034.48,265364886.95,"Artes, cultura, esporte e recreação (2014)",0.24398388957477382
Outras atividades de serviços,19197.0,14588.0,4609.0,29890.0,88442.0,107639.0,2014,23393253159.73,676347477.08,Outras atividades de serviços (2014),0.27768745529036876
Organismos internacionais e outras instituições extraterritoriais,2.0,1.0,1.0,1.0,,2.0,2014,211456.7,1944.48,Organismos internacionais e outras instituições extraterritoriais (2014),0.5
Indústrias extrativas,1510.0,947.0,563.0,1623.0,8962.0,10472.0,2015,43230977430.61,470422326.2,Indústrias extrativas (2015),0.15498472116119175
Indústrias de transformação,48290.0,33001.0,15289.0,55949.0,373567.0,421857.0,2015,461719554773.16,24854801623.62,Indústrias de transformação (2015),0.13262551054030158
Eletricidade e gás,567.0,370.0,197.0,344.0,1983.0,2550.0,2015,142504371823.72,1972148539.79,Eletricidade e gás (2015),0.1349019607843137
"Água, esgoto, atividades de gestão de resíduos e descontaminação",1753.0,1203.0,550.0,1551.0,8824.0,10577.0,2015,16752431672.210001,369217313.67,"Água, esgoto, atividades de gestão de resíduos e descontaminação (2015)",0.14663893353502883
Construção,50242.0,35575.0,14667.0,48507.0,196124.0,246366.0,2015,109192406376.96,10130832856.95,Construção (2015),0.19688999293733714
Comércio; reparação de veículos automotores e motocicletas,276058.0,182319.0,93739.0,311479.0,1728677.0,2004735.0,2015,300581770121.0,26773665883.72,Comércio; reparação de veículos automotores e motocicletas (2015),0.15537165760063051
"Transporte, armazenagem e correio",36967.0,25770.0,11197.0,38131.0,198454.0,235421.0,2015,168184581321.48,11698137147.39,"Transporte, armazenagem e correio (2015)",0.16196940799673776
Alojamento e alimentação,48878.0,36951.0,11927.0,47879.0,268121.0,316999.0,2015,16098420721.039999,2086001329.29,Alojamento e alimentação (2015),0.151038331351203
Informação e comunicação,25161.0,15543.0,9618.0,29047.0,112792.0,137953.0,2015,30507113697.83,881944729.49,Informação e comunicação (2015),0.210557218762912
"Atividades financeiras, de seguros e serviços relacionados",17419.0,11906.0,5513.0,12901.0,63614.0,81033.0,2015,77657686973.44,4015767147.8700004,"Atividades financeiras, de seguros e serviços relacionados (2015)",0.15920674293189194
Atividades imobiliárias,17457.0,12232.0,5225.0,11485.0,60797.0,78254.0,2015,23886244008.69,911913022.46,Atividades imobiliárias (2015),0.14676566054131418
"Atividades profissionais, científicas e técnicas",52775.0,36278.0,16497.0,43266.0,214561.0,267336.0,2015,19428316989.9,2137958518.64,"Atividades profissionais, científicas e técnicas (2015)",0.161841278391238
Atividades administrativas e serviços complementares,52355.0,36406.0,15949.0,49746.0,233801.0,286156.0,2015,57996653027.84,3741739163.29,Atividades administrativas e serviços complementares (2015),0.17384223989711906
"Administração pública, defesa e seguridade social",41.0,23.0,18.0,42.0,200.0,241.0,2015,123497180874.65,179558238.5,"Administração pública, defesa e seguridade social (2015)",0.17427385892116182
Educação,15100.0,10985.0,4115.0,12721.0,84154.0,99254.0,2015,9392671065.35,651221247.56,Educação (2015),0.12816611924960203
Saúde humana e serviços sociais,29409.0,22231.0,7178.0,16088.0,133449.0,162858.0,2015,18194867013.73,716721533.47,Saúde humana e serviços sociais (2015),0.09878544498888603
"Artes, cultura, esporte e recreação",10281.0,7069.0,3212.0,8909.0,40538.0,50819.0,2015,4450014756.48,416305687.98,"Artes, cultura, esporte e recreação (2015)",0.17530844762785572
Outras atividades de serviços,18434.0,12526.0,5908.0,18816.0,88077.0,106511.0,2015,28697988293.91,758517232.3,Outras atividades de serviços (2015),0.17665780999145628
Organismos internacionais e outras instituições extraterritoriais,1.0,1.0,,,2.0,3.0,2015,447226.4,1255.01,Organismos internacionais e outras instituições extraterritoriais (2015),
Indústrias extrativas,1332.0,781.0,551.0,1510.0,8963.0,10295.0,2016,32987623308.41,1571414452.91,Indústrias extrativas (2016),0.1466731423020884
Indústrias de transformação,42936.0,30122.0,12814.0,56526.0,365940.0,408876.0,2016,393228259697.71,30020775010.43,Indústrias de transformação (2016),0.13824729257770083
Eletricidade e gás,432.0,282.0,150.0,622.0,1936.0,2368.0,2016,149760881197.12,4428283571.78,Eletricidade e gás (2016),0.2626689189189189
"Água, esgoto, atividades de gestão de resíduos e descontaminação",1550.0,1109.0,441.0,1637.0,9041.0,10591.0,2016,17610643721.29,646505670.07,"Água, esgoto, atividades de gestão de resíduos e descontaminação (2016)",0.15456519686526296
Construção,44359.0,31115.0,13244.0,50677.0,195552.0,239911.0,2016,96739100306.06999,14743905092.76,Construção (2016),0.21123249871827468
Comércio; reparação de veículos automotores e motocicletas,243586.0,169012.0,74574.0,308132.0,1694135.0,1937721.0,2016,266236973313.06,28547933599.62,Comércio; reparação de veículos automotores e motocicletas (2016),0.15901773268700706
"Transporte, armazenagem e correio",32290.0,22734.0,9556.0,39905.0,195587.0,227877.0,2016,136347933234.65,12586124141.53,"Transporte, armazenagem e correio (2016)",0.17511640051431254
Alojamento e alimentação,44584.0,35167.0,9417.0,50741.0,266523.0,311107.0,2016,14246238806.38,2394602309.52,Alojamento e alimentação (2016),0.16309822665513796
Informação e comunicação,25197.0,16510.0,8687.0,26855.0,111535.0,136732.0,2016,27493154387.91,6964124246.28,Informação e comunicação (2016),0.1964061082994471
"Atividades financeiras, de seguros e serviços relacionados",17366.0,12802.0,4564.0,12616.0,68522.0,85888.0,2016,76648154650.49,8476516704.280001,"Atividades financeiras, de seguros e serviços relacionados (2016)",0.14688897168405365
Atividades imobiliárias,16251.0,11589.0,4662.0,12177.0,67000.0,83251.0,2016,23822662815.95,2663598442.07,Atividades imobiliárias (2016),0.14626851329113164
"Atividades profissionais, científicas e técnicas",53944.0,39612.0,14332.0,43502.0,224685.0,278629.0,2016,17916654994.92,2838914872.12,"Atividades profissionais, científicas e técnicas (2016)",0.15612875903082593
Atividades administrativas e serviços complementares,49320.0,35710.0,13610.0,50654.0,235271.0,284591.0,2016,52625752499.4,4855816938.53,Atividades administrativas e serviços complementares (2016),0.17798876282103088
"Administração pública, defesa e seguridade social",27.0,18.0,9.0,65.0,172.0,199.0,2016,128342138668.3,1575441344.19,"Administração pública, defesa e seguridade social (2016)",0.32663316582914576
Educação,14743.0,11054.0,3689.0,13054.0,86566.0,101309.0,2016,9040289532.06,719065872.21,Educação (2016),0.1288533101698763
Saúde humana e serviços sociais,30341.0,24443.0,5898.0,16928.0,146205.0,176546.0,2016,17643566069.94,912213695.49,Saúde humana e serviços sociais (2016),0.09588435875069387
"Artes, cultura, esporte e recreação",8858.0,6375.0,2483.0,9090.0,41775.0,50633.0,2016,3480994506.59,506350328.59000003,"Artes, cultura, esporte e recreação (2016)",0.1795271858274248
Outras atividades de serviços,15928.0,11359.0,4569.0,19622.0,85876.0,101804.0,2016,24609483359.84,757408863.91,Outras atividades de serviços (2016),0.19274291776354563
Indústrias extrativas,1315.0,859.0,456.0,1510.0,8752.0,10067.0,2017,22569222744.71,673003143.46,Indústrias extrativas (2017),0.1499950332770438
Indústrias de transformação,43697.0,31387.0,12310.0,54692.0,354468.0,398165.0,2017,356437165129.61,28491070269.57,Indústrias de transformação (2017),0.13736013964060126
Eletricidade e gás,612.0,378.0,234.0,364.0,2012.0,2624.0,2017,154503369543.19,4424314960.41,Eletricidade e gás (2017),0.13871951219512196
"Água, esgoto, atividades de gestão de resíduos e descontaminação",1723.0,1280.0,443.0,1639.0,9011.0,10734.0,2017,18542316461.56,742306008.86,"Água, esgoto, atividades de gestão de resíduos e descontaminação (2017)",0.15269237935531954
Construção,46817.0,33491.0,13326.0,49511.0,191087.0,237904.0,2017,80406964416.84,20071131026.06,Construção (2017),0.20811335664805972
Comércio; reparação de veículos automotores e motocicletas,245288.0,178556.0,66732.0,294465.0,1640413.0,1885701.0,2017,245623012019.73,23321238247.04,Comércio; reparação de veículos automotores e motocicletas (2017),0.15615678201369146
"Transporte, armazenagem e correio",33295.0,23891.0,9404.0,37455.0,190634.0,223929.0,2017,129143179564.76,16973302252.81,"Transporte, armazenagem e correio (2017)",0.16726283777447315
Alojamento e alimentação,45223.0,36406.0,8817.0,51434.0,260050.0,305273.0,2017,12928903533.3,2113584123.93,Alojamento e alimentação (2017),0.16848525745807852
Informação e comunicação,26556.0,19056.0,7500.0,25165.0,111243.0,137799.0,2017,21688121623.94,3469059634.74,Informação e comunicação (2017),0.18262106401352696
"Atividades financeiras, de seguros e serviços relacionados",18708.0,14337.0,4371.0,14475.0,71497.0,90205.0,2017,56954341350.58,9671013310.16,"Atividades financeiras, de seguros e serviços relacionados (2017)",0.16046782329139184
Atividades imobiliárias,17916.0,12997.0,4919.0,12350.0,71816.0,89732.0,2017,21364922527.75,3184519484.4700003,Atividades imobiliárias (2017),0.1376320599117372
"Atividades profissionais, científicas e técnicas",59469.0,45697.0,13772.0,43599.0,235818.0,295287.0,2017,17511756463.68,3022701083.47,"Atividades profissionais, científicas e técnicas (2017)",0.14764957482042892
Atividades administrativas e serviços complementares,52366.0,39058.0,13308.0,48777.0,236067.0,288433.0,2017,49985704058.81,3840006746.79,Atividades administrativas e serviços complementares (2017),0.16911033064871217
"Administração pública, defesa e seguridade social",33.0,19.0,14.0,31.0,145.0,178.0,2017,132490334776.27,2941728609.21,"Administração pública, defesa e seguridade social (2017)",0.17415730337078653
Educação,15940.0,12248.0,3692.0,13094.0,88631.0,104571.0,2017,8997484535.57,643406279.14,Educação (2017),0.12521636017633953
Saúde humana e serviços sociais,36466.0,30479.0,5987.0,17881.0,158993.0,195459.0,2017,17910420356.68,899327941.67,Saúde humana e serviços sociais (2017),0.0914821011056027
"Artes, cultura, esporte e recreação",9130.0,6778.0,2352.0,9005.0,41624.0,50754.0,2017,3171112974.71,315867288.34000003,"Artes, cultura, esporte e recreação (2017)",0.17742443945304803
Outras atividades de serviços,16186.0,11988.0,4198.0,18900.0,82567.0,98753.0,2017,18966917009.31,503604364.05,Outras atividades de serviços (2017),0.19138659078711534
Indústrias extrativas,1301.0,866.0,435.0,1657.0,8425.0,9726.0,2018,17724484501.97,445661041.06,Indústrias extrativas (2018),0.17036808554390295
Indústrias de transformação,42200.0,31357.0,10843.0,59579.0,340996.0,383196.0,2018,361393638420.45,25365408330.32,Indústrias de transformação (2018),0.15547918036722722
Eletricidade e gás,649.0,424.0,225.0,510.0,2135.0,2784.0,2018,151591589889.75998,3754502037.85,Eletricidade e gás (2018),0.18318965517241378
"Água, esgoto, atividades de gestão de resíduos e descontaminação",1640.0,1228.0,412.0,1749.0,9122.0,10762.0,2018,19925637984.35,597469108.52,"Água, esgoto, atividades de gestão de resíduos e descontaminação (2018)",0.16251626091804497
Construção,50359.0,37246.0,13113.0,52712.0,185732.0,236091.0,2018,66516729720.52,18345819036.17,Construção (2018),0.22326984086644558
Comércio; reparação de veículos automotores e motocicletas,231724.0,174928.0,56796.0,320451.0,1559845.0,1791569.0,2018,262028005166.09,18067991533.78,Comércio; reparação de veículos automotores e motocicletas (2018),0.1788661223765314
"Transporte, armazenagem e correio",32731.0,24165.0,8566.0,40002.0,184621.0,217352.0,2018,138499859471.33,18026644379.73,"Transporte, armazenagem e correio (2018)",0.1840424748794582
Alojamento e alimentação,43654.0,36055.0,7599.0,55716.0,248592.0,292246.0,2018,13203453387.62,1967696277.81,Alojamento e alimentação (2018),0.19064760509981318
Informação e comunicação,29015.0,21412.0,7603.0,27338.0,110529.0,139544.0,2018,24799502302.06,4293589323.9900002,Informação e comunicação (2018),0.19590953391045118
"Atividades financeiras, de seguros e serviços relacionados",22922.0,17628.0,5294.0,15236.0,75296.0,98218.0,2018,48203916290.08,9155459765.37,"Atividades financeiras, de seguros e serviços relacionados (2018)",0.15512431529862145
Atividades imobiliárias,20225.0,14730.0,5495.0,14512.0,76702.0,96927.0,2018,19605904333.06,2763874739.24,Atividades imobiliárias (2018),0.14972092399434625
"Atividades profissionais, científicas e técnicas",68251.0,54036.0,14215.0,49842.0,247484.0,315735.0,2018,17350504598.85,4873450154.57,"Atividades profissionais, científicas e técnicas (2018)",0.1578602308898285
Atividades administrativas e serviços complementares,56542.0,43553.0,12989.0,53311.0,234175.0,290717.0,2018,56518793491.95,3773222837.52,Atividades administrativas e serviços complementares (2018),0.1833776490538909
"Administração pública, defesa e seguridade social",31.0,23.0,8.0,32.0,139.0,170.0,2018,138082657068.23,2680260704.94,"Administração pública, defesa e seguridade social (2018)",0.18823529411764706
Educação,17265.0,13697.0,3568.0,14580.0,89674.0,106939.0,2018,9595259026.38,668618789.8,Educação (2018),0.1363394084478067
Saúde humana e serviços sociais,44758.0,38279.0,6479.0,21013.0,174736.0,219494.0,2018,18189749712.9,716035681.22,Saúde humana e serviços sociais (2018),0.09573382415920254
"Artes, cultura, esporte e recreação",11677.0,9390.0,2287.0,9801.0,41061.0,52738.0,2018,3718779687.94,770948281.4799999,"Artes, cultura, esporte e recreação (2018)",0.18584322499905193
Outras atividades de serviços,16004.0,12192.0,3812.0,19259.0,78997.0,95001.0,2018,13664496292.14,399948763.71,Outras atividades de serviços (2018),0.20272418185071736
Organismos internacionais e outras instituições extraterritoriais,,,,,1.0,1.0,2018,161969.54,0.0,Organismos internacionais e outras instituições extraterritoriais (2018),
Indústrias extrativas,2171.0,1476.0,695.0,1162.0,8567.0,10738.0,2019,14640311063.42,251466237.4,Indústrias extrativas (2019),0.10821382007822686
Indústrias de transformação,56019.0,41457.0,14562.0,49981.0,334359.0,390378.0,2019,326153530293.45,24264842296.79,Indústrias de transformação (2019),0.12803231739493517
Eletricidade e gás,2277.0,1832.0,445.0,182.0,2686.0,4963.0,2019,152651139629.04,4654563516.78,Eletricidade e gás (2019),0.036671368124118475
"Água, esgoto, atividades de gestão de resíduos e descontaminação",2059.0,1556.0,503.0,1541.0,9252.0,11311.0,2019,19986766592.49,1159356737.7,"Água, esgoto, atividades de gestão de resíduos e descontaminação (2019)",0.13623905932278313
Construção,75421.0,55199.0,20222.0,40467.0,195182.0,270603.0,2019,58275632191.28,15649490475.949999,Construção (2019),0.14954379663196637
Comércio; reparação de veículos automotores e motocicletas,287628.0,216412.0,71216.0,280574.0,1505821.0,1793449.0,2019,289216737894.74,17412423073.47,Comércio; reparação de veículos automotores e motocicletas (2019),0.15644381301057347
"Transporte, armazenagem e correio",41302.0,30026.0,11276.0,33817.0,183609.0,224911.0,2019,148228312057.99,17672051133.85,"Transporte, armazenagem e correio (2019)",0.15035725242429226
Alojamento e alimentação,51687.0,42974.0,8713.0,53128.0,238856.0,290543.0,2019,15356279426.25,2218587290.34,Alojamento e alimentação (2019),0.1828576148797252
Informação e comunicação,41162.0,31946.0,9216.0,23330.0,115782.0,156944.0,2019,25591754347.41,4617347870.08,Informação e comunicação (2019),0.14865174839433173
"Atividades financeiras, de seguros e serviços relacionados",44609.0,34547.0,10062.0,10400.0,87946.0,132555.0,2019,50492066279.72,9749350459.31,"Atividades financeiras, de seguros e serviços relacionados (2019)",0.07845799856663271
Atividades imobiliárias,40078.0,29339.0,10739.0,8441.0,90267.0,130345.0,2019,18898648267.06,2412039941.1800003,Atividades imobiliárias (2019),0.0647589090490621
"Atividades profissionais, científicas e técnicas",102808.0,80583.0,22225.0,41420.0,274699.0,377507.0,2019,17676730760.59,3892699792.41,"Atividades profissionais, científicas e técnicas (2019)",0.10971981976493152
Atividades administrativas e serviços complementares,73949.0,57276.0,16673.0,47351.0,245354.0,319303.0,2019,58305374365.78,3851234172.55,Atividades administrativas e serviços complementares (2019),0.14829487978503178
"Administração pública, defesa e seguridade social",51.0,33.0,18.0,20.0,152.0,203.0,2019,140630651388.23,4301813797.110001,"Administração pública, defesa e seguridade social (2019)",0.09852216748768473
Educação,21948.0,17561.0,4387.0,13861.0,93896.0,115844.0,2019,10700087367.91,846728242.18,Educação (2019),0.11965229101205069
Saúde humana e serviços sociais,61633.0,50931.0,10702.0,17339.0,202847.0,264480.0,2019,20583090063.5,735107424.39,Saúde humana e serviços sociais (2019),0.06555883242589232
"Artes, cultura, esporte e recreação",13802.0,11146.0,2656.0,9182.0,43472.0,57274.0,2019,4231223016.57,752689026.62,"Artes, cultura, esporte e recreação (2019)",0.16031707231902784
Outras atividades de serviços,18894.0,14704.0,4190.0,20079.0,74172.0,93066.0,2019,5980345909.75,496261130.31,Outras atividades de serviços (2019),0.21575011282315776
Organismos internacionais e outras instituições extraterritoriais,,,,1.0,,,2019,229070.35,86.24,Organismos internacionais e outras instituições extraterritoriais (2019),
Indústrias extrativas,1326.0,950.0,376.0,1261.0,9563.0,10889.0,2020,16251104021.55,470323064.2,Indústrias extrativas (2020),0.11580494076591055
Indústrias de transformação,52262.0,40940.0,11322.0,44900.0,346463.0,398725.0,2020,401133044151.4,23793281907.8,Indústrias de transformação (2020),0.1126089409994357
Eletricidade e gás,1288.0,1215.0,73.0,188.0,4791.0,6079.0,2020,161925748799.99,2832753745.91,Eletricidade e gás (2020),0.030926139167626255
"Água, esgoto, atividades de gestão de resíduos e descontaminação",2043.0,1585.0,458.0,1339.0,10079.0,12122.0,2020,22044188847.36,1117142350.59,"Água, esgoto, atividades de gestão de resíduos e descontaminação (2020)",0.11046032007919485
Construção,55908.0,45230.0,10678.0,38123.0,232730.0,288638.0,2020,68109501838.27,13030512341.48,Construção (2020),0.13207893624540082
Comércio; reparação de veículos automotores e motocicletas,288012.0,226026.0,61986.0,248943.0,1540421.0,1828433.0,2020,378661199551.04,17021023103.32,Comércio; reparação de veículos automotores e motocicletas (2020),0.13615101018194267
"Transporte, armazenagem e correio",36589.0,28035.0,8554.0,32382.0,192450.0,229039.0,2020,177052978295.03,26060500502.71,"Transporte, armazenagem e correio (2020)",0.1413820353738883
Alojamento e alimentação,45255.0,36863.0,8392.0,50236.0,239959.0,285214.0,2020,25108219798.74,2972426531.84,Alojamento e alimentação (2020),0.17613441135428134
Informação e comunicação,36689.0,30165.0,6524.0,24295.0,132534.0,169223.0,2020,24602392625.31,5264806655.22,Informação e comunicação (2020),0.1435679547106481
"Atividades financeiras, de seguros e serviços relacionados",25560.0,22048.0,3512.0,12021.0,120356.0,145916.0,2020,73012772615.73,9673125961.47,"Atividades financeiras, de seguros e serviços relacionados (2020)",0.08238301488527645
Atividades imobiliárias,21668.0,18472.0,3196.0,9880.0,121783.0,143451.0,2020,21622921365.75,2047501981.14,Atividades imobiliárias (2020),0.06887369206209785
"Atividades profissionais, científicas e técnicas",85043.0,72301.0,12742.0,49717.0,328476.0,413519.0,2020,26173188185.11,4639693827.2699995,"Atividades profissionais, científicas e técnicas (2020)",0.12022905839876764
Atividades administrativas e serviços complementares,65190.0,52540.0,12650.0,50759.0,269391.0,334581.0,2020,75973035712.58,3670546153.55,Atividades administrativas e serviços complementares (2020),0.15170915264166226
"Administração pública, defesa e seguridade social",9.0,9.0,,17.0,167.0,176.0,2020,160708916392.17,7084628929.62,"Administração pública, defesa e seguridade social (2020)",0.09659090909090909
Educação,21071.0,17445.0,3626.0,15919.0,100440.0,121511.0,2020,14257527937.98,1044191088.55,Educação (2020),0.1310087152603468
Saúde humana e serviços sociais,49855.0,44855.0,5000.0,22873.0,242107.0,291962.0,2020,28460155227.3,953992774.13,Saúde humana e serviços sociais (2020),0.07834238702296874
"Artes, cultura, esporte e recreação",10529.0,8424.0,2105.0,10826.0,46139.0,56668.0,2020,5157963258.33,999618285.72,"Artes, cultura, esporte e recreação (2020)",0.19104256370438344
Outras atividades de serviços,21140.0,16602.0,4538.0,16340.0,76501.0,97641.0,2020,22531012496.48,616656305.67,Outras atividades de serviços (2020),0.16734773302198871
Indústrias extrativas,1715.0,1302.0,413.0,1053.0,9792.0,11507.0,2021,14153003776.76,1625135415.86,Indústrias extrativas (2021),0.09150951594681499
Indústrias de transformação,54776.0,44840.0,9936.0,40144.0,359813.0,414589.0,2021,423511160107.3,21644765861.18,Indústrias de transformação (2021),0.09682842525971504
Eletricidade e gás,1523.0,1471.0,52.0,265.0,5779.0,7302.0,2021,173859085873.32,2798324343.02,Eletricidade e gás (2021),0.03629142700629964
"Água, esgoto, atividades de gestão de resíduos e descontaminação",2554.0,2147.0,407.0,1398.0,10832.0,13386.0,2021,21853453115.81,365053727.38,"Água, esgoto, atividades de gestão de resíduos e descontaminação (2021)",0.10443747198565666
Construção,60949.0,50961.0,9988.0,36561.0,251940.0,312889.0,2021,75209443758.56,10420950170.75,Construção (2021),0.11684974543688018
Comércio; reparação de veículos automotores e motocicletas,293685.0,240551.0,53134.0,227642.0,1597599.0,1891284.0,2021,456602517802.58,18347240214.1,Comércio; reparação de veículos automotores e motocicletas (2021),0.12036373172934366
"Transporte, armazenagem e correio",36326.0,28377.0,7949.0,30177.0,198548.0,234874.0,2021,189831817386.21,23817933600.68,"Transporte, armazenagem e correio (2021)",0.12848165399320488
Alojamento e alimentação,48907.0,41191.0,7716.0,45489.0,238968.0,287875.0,2021,27248609926.44,3947338117.82,Alojamento e alimentação (2021),0.1580165002171081
Informação e comunicação,47222.0,40598.0,6624.0,25305.0,143776.0,190998.0,2021,27125540931.3,5614261699.389999,Informação e comunicação (2021),0.13248829830678854
"Atividades financeiras, de seguros e serviços relacionados",29614.0,26213.0,3401.0,16233.0,128684.0,158298.0,2021,86396662671.29,9474746626.85,"Atividades financeiras, de seguros e serviços relacionados (2021)",0.1025470947200849
Atividades imobiliárias,27909.0,24401.0,3508.0,9695.0,135668.0,163577.0,2021,22332661176.11,1518937253.2,Atividades imobiliárias (2021),0.05926872359806085
"Atividades profissionais, científicas e técnicas",105994.0,91118.0,14876.0,52631.0,361564.0,467558.0,2021,30804336485.03,5605963770.44,"Atividades profissionais, científicas e técnicas (2021)",0.11256571377240898
Atividades administrativas e serviços complementares,75842.0,62672.0,13170.0,49478.0,286475.0,362317.0,2021,82542677791.06,4659625015.18,Atividades administrativas e serviços complementares (2021),0.13655997372466652
"Administração pública, defesa e seguridade social",18.0,14.0,4.0,11.0,174.0,192.0,2021,162686392918.14,1551400971.9,"Administração pública, defesa e seguridade social (2021)",0.057291666666666664
Educação,25899.0,21668.0,4231.0,15740.0,106174.0,132073.0,2021,14589871785.3,1323954679.94,Educação (2021),0.1191765160176569
Saúde humana e serviços sociais,70290.0,63936.0,6354.0,25074.0,267262.0,337552.0,2021,31570939208.2,1074412602.07,Saúde humana e serviços sociais (2021),0.07428188842015453
"Artes, cultura, esporte e recreação",13592.0,10958.0,2634.0,9414.0,47123.0,60715.0,2021,5838072651.86,1130877952.3700001,"Artes, cultura, esporte e recreação (2021)",0.15505229350242938
Outras atividades de serviços,20467.0,16885.0,3582.0,15725.0,81343.0,101810.0,2021,24344141583.79,1129582862.39,Outras atividades de serviços (2021),0.1544543757980552
