,data_base,IPCA,Taxa média mensal de juros - PF,modalidade,longo_prazo,longo_prazo_deflacionado
0,2012-06,0.08,2.31,Cartão de crédito,621264343.25,1161927174.4938993
1,2012-06,0.08,2.31,Empréstimo com consignação em folha,109887107280.8,205517695427.61044
2,2012-06,0.08,2.31,Empréstimo sem consignação em folha,38444077948.6,71900503146.798
3,2012-06,0.08,2.31,Habitacional,184701613956.46,345440434109.2732
4,2012-06,0.08,2.31,Outros créditos,23941470281.44,44776825226.79244
5,2012-06,0.08,2.31,Rural e agroindustrial,54010502419.73,101013797349.5436
6,2012-06,0.08,2.31,Veículos,116995756885.69,218812733585.87354
7,2012-07,0.43,2.26,Cartão de crédito,1016359055.45,1899340537.4221241
8,2012-07,0.43,2.26,Empréstimo com consignação em folha,117473888385.84,219531588864.56592
9,2012-07,0.43,2.26,Empréstimo sem consignação em folha,38993171475.84,72869239339.75658
10,2012-07,0.43,2.26,Habitacional,190180093648.12,355402708658.58417
11,2012-07,0.43,2.26,Outros créditos,25329190405.46,47334411849.04208
12,2012-07,0.43,2.26,Rural e agroindustrial,54330370647.87,101530925347.02678
13,2012-07,0.43,2.26,Veículos,116123100903.45,217007278770.6201
14,2012-08,0.41,2.2,Cartão de crédito,1049104508.03,1952137627.6016958
15,2012-08,0.41,2.2,Empréstimo com consignação em folha,119645884381.37,222632951341.6555
16,2012-08,0.41,2.2,Empréstimo sem consignação em folha,39442099682.33,73392504094.82704
17,2012-08,0.41,2.2,Habitacional,196511593841.65,365662022860.44965
18,2012-08,0.41,2.2,Outros créditos,26325776306.03,48986100154.434525
19,2012-08,0.41,2.2,Rural e agroindustrial,56437911386.27,105017726639.3343
20,2012-08,0.41,2.2,Veículos,116810457237.99,217356885921.5296
21,2012-09,0.57,2.2,Cartão de crédito,1157307101.95,2144684440.4765835
22,2012-09,0.57,2.2,Empréstimo com consignação em folha,115172941586.63,213434805133.88876
23,2012-09,0.57,2.2,Empréstimo sem consignação em folha,39369364776.79,72958045384.8077
24,2012-09,0.57,2.2,Habitacional,199013914915.44,368806210588.6179
25,2012-09,0.57,2.2,Outros créditos,26162037022.9,48482648762.49768
26,2012-09,0.57,2.2,Rural e agroindustrial,56495690344.37,104696003188.2603
27,2012-09,0.57,2.2,Veículos,114680052344.23,212521398582.35855
28,2012-10,0.59,2.15,Cartão de crédito,1175029467.38,2165184562.407205
29,2012-10,0.59,2.15,Empréstimo com consignação em folha,116547670009.45,214758202151.01224
30,2012-10,0.59,2.15,Empréstimo sem consignação em folha,38376714020.14,70715391451.07364
31,2012-10,0.59,2.15,Habitacional,204770206843.13,377322699562.81244
32,2012-10,0.59,2.15,Outros créditos,28117145265.38,51810452892.98573
33,2012-10,0.59,2.15,Rural e agroindustrial,56915815209.8,104876726814.22804
34,2012-10,0.59,2.15,Veículos,114077779609.65,210207023892.982
35,2012-11,0.6,2.11,Cartão de crédito,1201508982.09,2200991038.035001
36,2012-11,0.6,2.11,Empréstimo com consignação em folha,118304361987.51,216716515961.47092
37,2012-11,0.6,2.11,Empréstimo sem consignação em folha,38606847185.62,70722171809.75801
38,2012-11,0.6,2.11,Habitacional,209708681321.53,384156036340.1857
39,2012-11,0.6,2.11,Outros créditos,29084416128.86,53278452512.89719
40,2012-11,0.6,2.11,Rural e agroindustrial,58557931008.65,107269677777.7865
41,2012-11,0.6,2.11,Veículos,113554398429.16,208015268298.10715
42,2012-12,0.79,2.03,Cartão de crédito,1219710691.01,2221006278.6760426
43,2012-12,0.79,2.03,Empréstimo com consignação em folha,118171241251.64,215181412045.7537
44,2012-12,0.79,2.03,Empréstimo sem consignação em folha,38876114644.25,70790635313.61716
45,2012-12,0.79,2.03,Habitacional,215506585155.76,392422139327.6711
46,2012-12,0.79,2.03,Outros créditos,29822317616.66,54304315900.04811
47,2012-12,0.79,2.03,Rural e agroindustrial,60999335531.1,111075444536.32156
48,2012-12,0.79,2.03,Veículos,112905199272.04,205592324742.78168
49,2013-01,0.86,2.04,Cartão de crédito,1246669910.22,2252301606.034723
50,2013-01,0.86,2.04,Empréstimo com consignação em folha,120669679495.66,218008400379.0614
51,2013-01,0.86,2.04,Empréstimo sem consignação em folha,38964944385.84,70396185950.9338
52,2013-01,0.86,2.04,Habitacional,220514976258.53,398394339279.5525
53,2013-01,0.86,2.04,Outros créditos,30533629552.03,55163714399.72464
54,2013-01,0.86,2.04,Rural e agroindustrial,61604724138.22,111298442336.95615
55,2013-01,0.86,2.04,Veículos,112066619589.76,202465644847.68573
56,2013-02,0.6,2.08,Cartão de crédito,1252476372.49,2243498509.0476007
57,2013-02,0.6,2.08,Empréstimo com consignação em folha,122406520400.84,219260699881.332
58,2013-02,0.6,2.08,Empréstimo sem consignação em folha,38969744989.85,69804562148.25061
59,2013-02,0.6,2.08,Habitacional,224832963482.12,402732082964.6367
60,2013-02,0.6,2.08,Outros créditos,31023305302.2,55570500745.52998
61,2013-02,0.6,2.08,Rural e agroindustrial,62707447803.15,112324726232.44678
62,2013-02,0.6,2.08,Veículos,110767101872.0,198411589519.498
63,2013-03,0.47,2.04,Cartão de crédito,1263515245.91,2249773647.2791514
64,2013-03,0.47,2.04,Empréstimo com consignação em folha,118690434860.11,211336280584.45956
65,2013-03,0.47,2.04,Empréstimo sem consignação em folha,38284430001.92,68167995596.59451
66,2013-03,0.47,2.04,Habitacional,230861474765.6,411064341155.2815
67,2013-03,0.47,2.04,Outros créditos,30327401533.44,53999972680.382385
68,2013-03,0.47,2.04,Rural e agroindustrial,65079129012.46,115877754474.31487
69,2013-03,0.47,2.04,Veículos,107798828697.92,191943045243.9628
70,2013-04,0.55,2.03,Cartão de crédito,1276163105.02,2261663958.0200977
71,2013-04,0.55,2.03,Empréstimo com consignação em folha,127330924467.31,225660624003.52908
72,2013-04,0.55,2.03,Empréstimo sem consignação em folha,39019926393.229996,69152572128.92264
73,2013-04,0.55,2.03,Habitacional,237863297205.66,421550226698.83
74,2013-04,0.55,2.03,Outros créditos,32155809542.01,56987727662.74496
75,2013-04,0.55,2.03,Rural e agroindustrial,68027628734.94,120561106534.24266
76,2013-04,0.55,2.03,Veículos,108548489232.25,192373690187.71704
77,2013-05,0.37,2.01,Cartão de crédito,1334673918.17,2352419617.782937
78,2013-05,0.37,2.01,Empréstimo com consignação em folha,130121144073.41,229344057630.45795
79,2013-05,0.37,2.01,Empréstimo sem consignação em folha,38975124545.88,68695316765.44171
80,2013-05,0.37,2.01,Habitacional,246028944457.17,433636491733.524
81,2013-05,0.37,2.01,Outros créditos,32111327910.69,56597582901.55358
82,2013-05,0.37,2.01,Rural e agroindustrial,70724522146.11,124654982082.02911
83,2013-05,0.37,2.01,Veículos,107343811521.42,189198039036.24252
84,2013-06,0.26,2.02,Cartão de crédito,1553019838.09,2727175041.8816047
85,2013-06,0.26,2.02,Empréstimo com consignação em folha,126730607452.73,222544838907.3
86,2013-06,0.26,2.02,Empréstimo sem consignação em folha,38494442247.65,67598030349.73214
87,2013-06,0.26,2.02,Habitacional,253525976173.16998,445203401611.71295
88,2013-06,0.26,2.02,Outros créditos,31982703974.54,56163115185.00926
89,2013-06,0.26,2.02,Rural e agroindustrial,75414306806.4,132431029069.24832
90,2013-06,0.26,2.02,Veículos,106356168031.13,186766375992.5873
91,2013-07,0.03,2.05,Cartão de crédito,1412299810.7,2473630241.759747
92,2013-07,0.03,2.05,Empréstimo com consignação em folha,133782059710.68,234318057821.74792
93,2013-07,0.03,2.05,Empréstimo sem consignação em folha,39088934413.6,68463912231.01525
94,2013-07,0.03,2.05,Habitacional,260965803116.14,457079224795.2285
95,2013-07,0.03,2.05,Outros créditos,31974341607.55,56002767798.7089
96,2013-07,0.03,2.05,Rural e agroindustrial,76224139263.34,133505884944.11128
97,2013-07,0.03,2.05,Veículos,106847216967.5,187141926336.21738
98,2013-08,0.24,2.06,Cartão de crédito,1478738783.58,2589224057.6621847
99,2013-08,0.24,2.06,Empréstimo com consignação em folha,135533389157.87,237314606014.7701
100,2013-08,0.24,2.06,Empréstimo sem consignação em folha,39276092333.59,68771174659.32132
101,2013-08,0.24,2.06,Habitacional,267959193713.71,469187931323.20966
102,2013-08,0.24,2.06,Outros créditos,32195940670.53,56374056776.53326
103,2013-08,0.24,2.06,Rural e agroindustrial,76939060332.86,134717820483.12389
104,2013-08,0.24,2.06,Veículos,105497290557.4,184722363248.01846
105,2013-09,0.35,2.08,Cartão de crédito,1514555675.24,2645589489.051656
106,2013-09,0.35,2.08,Empréstimo com consignação em folha,135811594172.4,237232431866.14102
107,2013-09,0.35,2.08,Empréstimo sem consignação em folha,39175805699.18,68431356784.85839
108,2013-09,0.35,2.08,Habitacional,272385896955.21,475797144820.3247
109,2013-09,0.35,2.08,Outros créditos,32971553331.01,57593917712.13931
110,2013-09,0.35,2.08,Rural e agroindustrial,77090616721.20999,134660038344.13321
111,2013-09,0.35,2.08,Veículos,104501340025.35,182540431680.77618
112,2013-10,0.57,2.12,Cartão de crédito,1574781270.92,2741196532.6614213
113,2013-10,0.57,2.12,Empréstimo com consignação em folha,138333290716.0,240794543257.94247
114,2013-10,0.57,2.12,Empréstimo sem consignação em folha,39240901079.3,68306007928.48232
115,2013-10,0.57,2.12,Habitacional,277177616886.88,482478637746.1747
116,2013-10,0.57,2.12,Outros créditos,33851272915.48,58924368517.46328
117,2013-10,0.57,2.12,Rural e agroindustrial,77100420803.73,134207467460.19548
118,2013-10,0.57,2.12,Veículos,104024185730.47,181073233789.9248
119,2013-11,0.54,2.13,Cartão de crédito,1628489552.19,2818621227.4215875
120,2013-11,0.54,2.13,Empréstimo com consignação em folha,134369695582.86,232569669103.92413
121,2013-11,0.54,2.13,Empréstimo sem consignação em folha,38596755186.44,66804010705.37618
122,2013-11,0.54,2.13,Habitacional,284077483341.06,491686804929.64777
123,2013-11,0.54,2.13,Outros créditos,34244368614.38,59270815809.86378
124,2013-11,0.54,2.13,Rural e agroindustrial,78547314923.16,135951212521.8452
125,2013-11,0.54,2.13,Veículos,102774842045.53,177884685256.26343
126,2013-12,0.92,2.09,Cartão de crédito,1672116397.3700001,2878583710.206265
127,2013-12,0.92,2.09,Empréstimo com consignação em folha,139120630753.18,239499105486.6798
128,2013-12,0.92,2.09,Empréstimo sem consignação em folha,39310474181.03,67673811940.35238
129,2013-12,0.92,2.09,Habitacional,290951931827.16,500879898509.4701
130,2013-12,0.92,2.09,Outros créditos,34822573650.1,59947796346.17451
131,2013-12,0.92,2.09,Rural e agroindustrial,81200772994.68001,139788846497.93958
132,2013-12,0.92,2.09,Veículos,102831122731.06999,177025950622.49106
133,2014-01,0.55,2.16,Cartão de crédito,1727775577.28,2947288368.205911
134,2014-01,0.55,2.16,Empréstimo com consignação em folha,140748260875.24,240092357814.1191
135,2014-01,0.55,2.16,Empréstimo sem consignação em folha,38846702877.68,66265802711.93574
136,2014-01,0.55,2.16,Habitacional,296434836400.2,505666914582.0117
137,2014-01,0.55,2.16,Outros créditos,35047296499.74,59784668025.78709
138,2014-01,0.55,2.16,Rural e agroindustrial,82885257422.68001,141388012604.15594
139,2014-01,0.55,2.16,Veículos,102188023716.04,174315216413.9117
140,2014-02,0.69,2.22,Cartão de crédito,1753598934.25,2974979812.6021996
141,2014-02,0.69,2.22,Empréstimo com consignação em folha,143617670384.89,243647313979.88675
142,2014-02,0.69,2.22,Empréstimo sem consignação em folha,38869825595.08,65942641847.11555
143,2014-02,0.69,2.22,Habitacional,302624350229.43,513402075668.7238
144,2014-02,0.69,2.22,Outros créditos,35567092073.5,60339555895.59073
145,2014-02,0.69,2.22,Rural e agroindustrial,84167942997.27,142790877888.064
146,2014-02,0.69,2.22,Veículos,101737114545.87,172596969611.98743
147,2014-03,0.92,2.25,Cartão de crédito,1756414124.7,2959337091.1550775
148,2014-03,0.92,2.25,Empréstimo com consignação em folha,146096600439.48,246154413410.93903
149,2014-03,0.92,2.25,Empréstimo sem consignação em folha,38577196685.93,64997728849.941185
150,2014-03,0.92,2.25,Habitacional,308126582067.63,519154571954.56274
151,2014-03,0.92,2.25,Outros créditos,36173553204.17,60947891622.231316
152,2014-03,0.92,2.25,Rural e agroindustrial,85752868823.46,144482808361.3629
153,2014-03,0.92,2.25,Veículos,99291878884.88,167294339018.53378
154,2014-04,0.67,2.22,Cartão de crédito,2015685960.53,3365215937.264569
155,2014-04,0.67,2.22,Empréstimo com consignação em folha,150734327020.61002,251653069731.77014
156,2014-04,0.67,2.22,Empréstimo sem consignação em folha,38520061831.41,64309782633.696266
157,2014-04,0.67,2.22,Habitacional,314366882693.82,524839912816.2103
158,2014-04,0.67,2.22,Outros créditos,36621494861.74,61140098491.71928
159,2014-04,0.67,2.22,Rural e agroindustrial,89157356784.34,148849455644.44678
160,2014-04,0.67,2.22,Veículos,98311569069.89,164132541243.9198
161,2014-05,0.46,2.23,Cartão de crédito,2034702005.74,3374354576.164662
162,2014-05,0.46,2.23,Empréstimo com consignação em folha,152789278811.58,253386098157.03583
163,2014-05,0.46,2.23,Empréstimo sem consignação em folha,38241683802.94,63420098066.77403
164,2014-05,0.46,2.23,Habitacional,322039258904.98,534070661907.8027
165,2014-05,0.46,2.23,Outros créditos,37263725706.67,61798250067.343864
166,2014-05,0.46,2.23,Rural e agroindustrial,92310525983.67,153087992690.05423
167,2014-05,0.46,2.23,Veículos,96952145118.61,160785664744.54358
168,2014-06,0.4,2.24,Cartão de crédito,1958734241.92,3233497594.22509
169,2014-06,0.4,2.24,Empréstimo com consignação em folha,154837732661.17,255607639535.82297
170,2014-06,0.4,2.24,Empréstimo sem consignação em folha,36907154810.92,60926691195.1381
171,2014-06,0.4,2.24,Habitacional,329124799091.85,543322428988.6993
172,2014-06,0.4,2.24,Outros créditos,38282853868.98,63197708620.27608
173,2014-06,0.4,2.24,Rural e agroindustrial,96255275517.51,158899147804.8882
174,2014-06,0.4,2.24,Veículos,95419024390.65,157518656286.94788
175,2014-07,0.01,2.25,Cartão de crédito,1892096384.96,3111047139.158447
176,2014-07,0.01,2.25,Empréstimo com consignação em folha,156676033509.03,257611890016.51477
177,2014-07,0.01,2.25,Empréstimo sem consignação em folha,36746925162.72,60420503579.56073
178,2014-07,0.01,2.25,Habitacional,336638613790.53,553512286524.153
179,2014-07,0.01,2.25,Outros créditos,39129753378.86,64338428144.00362
180,2014-07,0.01,2.25,Rural e agroindustrial,97263048804.16,159923105468.22766
181,2014-07,0.01,2.25,Veículos,94297470410.16,155047003884.85147
182,2014-08,0.25,2.25,Cartão de crédito,1795827671.28,2952460597.303864
183,2014-08,0.25,2.25,Empréstimo com consignação em folha,157649242408.96,259185880611.5298
184,2014-08,0.25,2.25,Empréstimo sem consignação em folha,36454896968.02,59934284674.50624
185,2014-08,0.25,2.25,Habitacional,346288147412.23,569320835678.6431
186,2014-08,0.25,2.25,Outros créditos,37373626931.02,61444738076.4112
187,2014-08,0.25,2.25,Rural e agroindustrial,96791499589.84,159131688002.81775
188,2014-08,0.25,2.25,Veículos,93373478475.12,153512233072.17258
189,2014-09,0.57,2.21,Cartão de crédito,1786436245.15,2929693862.8375254
190,2014-09,0.57,2.21,Empréstimo com consignação em folha,157960558468.93,259049870922.18048
191,2014-09,0.57,2.21,Empréstimo sem consignação em folha,37031845738.4,60730950507.68341
192,2014-09,0.57,2.21,Habitacional,351806232600.11,576950094555.4263
193,2014-09,0.57,2.21,Outros créditos,36046179085.58,59114491173.40256
194,2014-09,0.57,2.21,Rural e agroindustrial,97385187106.69,159708349946.6266
195,2014-09,0.57,2.21,Veículos,92648036957.37,151939586993.29913
196,2014-10,0.42,2.26,Cartão de crédito,1785958485.42,2912311012.7447934
197,2014-10,0.42,2.26,Empréstimo com consignação em folha,161752213442.46,263764671121.9838
198,2014-10,0.42,2.26,Empréstimo sem consignação em folha,36940280231.71,60237449980.47257
199,2014-10,0.42,2.26,Habitacional,360238785010.69,587431000983.0466
200,2014-10,0.42,2.26,Outros créditos,37574602510.4,61271821032.73353
201,2014-10,0.42,2.26,Rural e agroindustrial,97403885897.92,158833708566.26575
202,2014-10,0.42,2.26,Veículos,92196585963.61,150342314690.56216
203,2014-11,0.51,2.27,Cartão de crédito,1786605463.38,2901183382.7001977
204,2014-11,0.51,2.27,Empréstimo com consignação em folha,163571697501.14,265616276451.2025
205,2014-11,0.51,2.27,Empréstimo sem consignação em folha,36716067528.34,59621470534.29342
206,2014-11,0.51,2.27,Habitacional,367188613153.72,596260072317.7822
207,2014-11,0.51,2.27,Outros créditos,37782113134.48,61352571138.83475
208,2014-11,0.51,2.27,Rural e agroindustrial,98468749033.75,159898704144.52557
209,2014-11,0.51,2.27,Veículos,91900658919.71,149233095936.3874
210,2014-12,0.78,2.21,Cartão de crédito,1798246501.81,2905270410.4765625
211,2014-12,0.78,2.21,Empréstimo com consignação em folha,165402154696.33,267225869970.90536
212,2014-12,0.78,2.21,Empréstimo sem consignação em folha,36905896302.49,59625645534.034485
213,2014-12,0.78,2.21,Habitacional,375355617956.83,606429412852.1791
214,2014-12,0.78,2.21,Outros créditos,37991250180.11,61379157359.232834
215,2014-12,0.78,2.21,Rural e agroindustrial,101160388795.11,163436038375.67245
216,2014-12,0.78,2.21,Veículos,92544238893.29,149515674656.4647
217,2015-01,1.24,2.3,Cartão de crédito,1782273531.42,2857179570.697986
218,2015-01,1.24,2.3,Empréstimo com consignação em folha,166734058387.0,267292947443.0031
219,2015-01,1.24,2.3,Empréstimo sem consignação em folha,36774758515.11,58953963515.91973
220,2015-01,1.24,2.3,Habitacional,382481715508.15,613160059020.0754
221,2015-01,1.24,2.3,Outros créditos,38236794283.38,61297766896.87584
222,2015-01,1.24,2.3,Rural e agroindustrial,101500182028.55,162715902694.82562
223,2015-01,1.24,2.3,Veículos,92015612946.61,147511100210.77487
224,2015-02,1.22,2.36,Cartão de crédito,1774880960.55,2810480084.5807066
225,2015-02,1.22,2.36,Empréstimo com consignação em folha,168772717295.7,267247421840.1377
226,2015-02,1.22,2.36,Empréstimo sem consignação em folha,36834212395.32,58326063927.22998
227,2015-02,1.22,2.36,Habitacional,386843119938.16,612556508638.3923
228,2015-02,1.22,2.36,Outros créditos,38327496174.98,60690641843.52096
229,2015-02,1.22,2.36,Rural e agroindustrial,101930215396.37,161403973988.0625
230,2015-02,1.22,2.36,Veículos,90784295836.82,143754686152.5861
231,2015-03,1.32,2.37,Cartão de crédito,1707522118.48,2671232869.4085655
232,2015-03,1.32,2.37,Empréstimo com consignação em folha,170869390802.1,267306600685.61404
233,2015-03,1.32,2.37,Empréstimo sem consignação em folha,36945888847.94,57797829739.38012
234,2015-03,1.32,2.37,Habitacional,393968456007.87,616320853363.3358
235,2015-03,1.32,2.37,Outros créditos,38397610736.19,60068890935.69732
236,2015-03,1.32,2.37,Rural e agroindustrial,102821765143.09,160853482229.16562
237,2015-03,1.32,2.37,Veículos,89334229003.28,139753697064.41
238,2015-04,0.71,2.42,Cartão de crédito,1738983989.21,2685007187.0713463
239,2015-04,0.71,2.42,Empréstimo com consignação em folha,172464978449.92,266287504387.26422
240,2015-04,0.71,2.42,Empréstimo sem consignação em folha,40364033811.89,62322437444.26319
241,2015-04,0.71,2.42,Habitacional,401144075404.68,619370121976.7747
242,2015-04,0.71,2.42,Outros créditos,38721186393.78,59785866002.40026
243,2015-04,0.71,2.42,Rural e agroindustrial,103286998010.56,159476069768.39594
244,2015-04,0.71,2.42,Veículos,88097287182.68,136023017298.99329
245,2015-05,0.74,2.48,Cartão de crédito,1742322539.48,2671195403.7278976
246,2015-05,0.74,2.48,Empréstimo com consignação em folha,173948008269.55,266683756680.2756
247,2015-05,0.74,2.48,Empréstimo sem consignação em folha,40626317129.0,62285156236.20701
248,2015-05,0.74,2.48,Habitacional,406032545823.99,622497985070.3635
249,2015-05,0.74,2.48,Outros créditos,39408635527.6,60418300115.620705
250,2015-05,0.74,2.48,Rural e agroindustrial,102334545530.39,156891483332.8992
251,2015-05,0.74,2.48,Veículos,86549608586.86,132691227607.41443
252,2015-06,0.79,2.52,Cartão de crédito,1805407919.57,2747583805.763781
253,2015-06,0.79,2.52,Empréstimo com consignação em folha,175530363559.04,267133194170.0547
254,2015-06,0.79,2.52,Empréstimo sem consignação em folha,40837078874.74,62148445996.4359
255,2015-06,0.79,2.52,Habitacional,411102018432.02997,625641017809.2465
256,2015-06,0.79,2.52,Outros créditos,39041288564.56,59415498876.1124
257,2015-06,0.79,2.52,Rural e agroindustrial,104236601047.77,158633843300.5907
258,2015-06,0.79,2.52,Veículos,85299948813.36,129814849847.27872
259,2015-07,0.62,2.58,Cartão de crédito,1625971865.91,2455108538.2270846
260,2015-07,0.62,2.58,Empréstimo com consignação em folha,176734376433.75,266857062952.8693
261,2015-07,0.62,2.58,Empréstimo sem consignação em folha,40955398755.34,61839907121.92047
262,2015-07,0.62,2.58,Habitacional,416524799792.66,628924530488.0875
263,2015-07,0.62,2.58,Outros créditos,39410062745.43,59506553321.70791
264,2015-07,0.62,2.58,Rural e agroindustrial,107297187326.17,162011561365.36246
265,2015-07,0.62,2.58,Veículos,84208096729.72,127148582090.18431
266,2015-08,0.22,2.62,Cartão de crédito,1644794021.59,2468228246.4858756
267,2015-08,0.22,2.62,Empréstimo com consignação em folha,177762125926.35,266755286441.67578
268,2015-08,0.22,2.62,Empréstimo sem consignação em folha,40614215881.8,60946935319.8575
269,2015-08,0.22,2.62,Habitacional,421266380284.45,632165222796.5891
270,2015-08,0.22,2.62,Outros créditos,39822554051.07,59758943348.447235
271,2015-08,0.22,2.62,Rural e agroindustrial,107894361996.2,161909581637.55774
272,2015-08,0.22,2.62,Veículos,82789419691.54,124236336897.247
273,2015-09,0.54,2.65,Cartão de crédito,1670700056.23,2501601059.6591244
274,2015-09,0.54,2.65,Empréstimo com consignação em folha,179536867926.8,268827200537.14587
275,2015-09,0.54,2.65,Empréstimo sem consignação em folha,40458183901.45,60579536908.69916
276,2015-09,0.54,2.65,Habitacional,425383644649.3,636942682947.9034
277,2015-09,0.54,2.65,Outros créditos,40588998002.67,60775409706.458405
278,2015-09,0.54,2.65,Rural e agroindustrial,107494785675.13,160955923087.43887
279,2015-09,0.54,2.65,Veículos,81794768078.34,122474335076.6839
280,2015-10,0.82,2.71,Cartão de crédito,1678885314.81,2500356324.9772096
281,2015-10,0.82,2.71,Empréstimo com consignação em folha,179353150173.25,267109837392.92746
282,2015-10,0.82,2.71,Empréstimo sem consignação em folha,40197014585.02,59865232470.76605
283,2015-10,0.82,2.71,Habitacional,429766528902.8,640049352583.2205
284,2015-10,0.82,2.71,Outros créditos,40307084492.31,60029159087.10753
285,2015-10,0.82,2.71,Rural e agroindustrial,105852758771.52,157646036078.77145
286,2015-10,0.82,2.71,Veículos,80523354021.42,119923067859.23724
287,2015-11,1.01,2.74,Cartão de crédito,1768065377.02,2611758349.4585657
288,2015-11,1.01,2.74,Empréstimo com consignação em folha,180012994288.59,265912362152.96567
289,2015-11,1.01,2.74,Empréstimo sem consignação em folha,40183986382.94,59359152276.972435
290,2015-11,1.01,2.74,Habitacional,433293246322.83997,640053964381.7046
291,2015-11,1.01,2.74,Outros créditos,40804551127.72,60275840751.63196
292,2015-11,1.01,2.74,Rural e agroindustrial,105885416873.55,156412271401.13092
293,2015-11,1.01,2.74,Veículos,79532127501.86,117483607084.30772
294,2015-12,0.96,2.68,Cartão de crédito,1808246548.29,2644404910.71479
295,2015-12,0.96,2.68,Empréstimo com consignação em folha,180085143529.58,263359019458.2387
296,2015-12,0.96,2.68,Empréstimo sem consignação em folha,40211778967.21,58806265036.16254
297,2015-12,0.96,2.68,Habitacional,438477791451.74,641236022848.14
298,2015-12,0.96,2.68,Outros créditos,41008514359.27,59971421958.649765
299,2015-12,0.96,2.68,Rural e agroindustrial,106655473188.61,155974447909.93033
300,2015-12,0.96,2.68,Veículos,78669115790.61,115046809471.31328
301,2016-01,1.27,2.77,Cartão de crédito,1770723341.38,2564909806.447918
302,2016-01,1.27,2.77,Empréstimo com consignação em folha,180999601169.11002,262179664746.50092
303,2016-01,1.27,2.77,Empréstimo sem consignação em folha,39717374058.52,57530998676.31795
304,2016-01,1.27,2.77,Habitacional,440936678816.06,638701024089.1051
305,2016-01,1.27,2.77,Outros créditos,41252854562.42,59755156968.03243
306,2016-01,1.27,2.77,Rural e agroindustrial,106524590265.66,154301894494.31503
307,2016-01,1.27,2.77,Veículos,77532858511.26,112307091949.48877
308,2016-02,0.9,2.81,Cartão de crédito,1803075128.43,2579019998.082254
309,2016-02,0.9,2.81,Empréstimo com consignação em folha,182570563395.25,261138943482.33942
310,2016-02,0.9,2.81,Empréstimo sem consignação em folha,39580526486.71,56613819210.48022
311,2016-02,0.9,2.81,Habitacional,443490061059.16,634343915230.0955
312,2016-02,0.9,2.81,Outros créditos,41084612986.39,58765182234.88059
313,2016-02,0.9,2.81,Rural e agroindustrial,106878970456.87,152873830844.04364
314,2016-02,0.9,2.81,Veículos,76213290552.64,109011320358.04832
315,2016-03,0.43,2.86,Cartão de crédito,1806057711.41,2560245080.5546384
316,2016-03,0.43,2.86,Empréstimo com consignação em folha,183974891405.93,260800531285.28064
317,2016-03,0.43,2.86,Empréstimo sem consignação em folha,39861285197.35,56506865027.82133
318,2016-03,0.43,2.86,Habitacional,447475835708.9,634336211851.377
319,2016-03,0.43,2.86,Outros créditos,40939632176.31,58035516371.89044
320,2016-03,0.43,2.86,Rural e agroindustrial,108751290201.24,154164484325.54385
321,2016-03,0.43,2.86,Veículos,74757084587.92,105974718772.08441
322,2016-04,0.61,2.91,Cartão de crédito,1798355631.17,2538412679.0113096
323,2016-04,0.61,2.91,Empréstimo com consignação em folha,184892565889.05,260979322094.56958
324,2016-04,0.61,2.91,Empréstimo sem consignação em folha,39847900065.35,56246057790.05576
325,2016-04,0.61,2.91,Habitacional,447831670167.12,632122795909.6414
326,2016-04,0.61,2.91,Outros créditos,40808304235.04,57601686275.91334
327,2016-04,0.61,2.91,Rural e agroindustrial,111215227269.97,156982377738.90518
328,2016-04,0.61,2.91,Veículos,73631850020.42,103932736346.08743
329,2016-05,0.78,2.93,Cartão de crédito,1803890491.87,2530785586.9815383
330,2016-05,0.78,2.93,Empréstimo com consignação em folha,185546093507.16,260313683832.25015
331,2016-05,0.78,2.93,Empréstimo sem consignação em folha,39791703960.53,55826155367.3087
332,2016-05,0.78,2.93,Habitacional,451143959990.03,632936775675.8628
333,2016-05,0.78,2.93,Outros créditos,41102867951.21,57665665550.84665
334,2016-05,0.78,2.93,Rural e agroindustrial,112715777018.77,158135687942.35083
335,2016-05,0.78,2.93,Veículos,72357013949.15,101513971521.46405
336,2016-06,0.35,2.91,Cartão de crédito,1833702923.93,2552702671.335103
337,2016-06,0.35,2.91,Empréstimo com consignação em folha,187536705292.27,261070341507.09378
338,2016-06,0.35,2.91,Empréstimo sem consignação em folha,39913110813.34,55563146715.25081
339,2016-06,0.35,2.91,Habitacional,455052994846.78,633480472973.6897
340,2016-06,0.35,2.91,Outros créditos,41124267038.8,57249200487.53237
341,2016-06,0.35,2.91,Rural e agroindustrial,116435441615.34,162090085024.53973
342,2016-06,0.35,2.91,Veículos,71611762948.69,99690923863.69313
343,2016-07,0.52,2.92,Cartão de crédito,1853770153.33,2571639394.306188
344,2016-07,0.52,2.92,Empréstimo com consignação em folha,188108709042.08,260953476738.05112
345,2016-07,0.52,2.92,Empréstimo sem consignação em folha,39815578447.23,55234091377.53975
346,2016-07,0.52,2.92,Habitacional,458812400539.38,636486698042.7745
347,2016-07,0.52,2.92,Outros créditos,41175370480.57,57120460491.16435
348,2016-07,0.52,2.92,Rural e agroindustrial,115805204444.46,160650566781.47992
349,2016-07,0.52,2.92,Veículos,70727663430.35,98116827060.78108
350,2016-08,0.44,2.93,Cartão de crédito,1895455725.33,2615863062.2070384
351,2016-08,0.44,2.93,Empréstimo com consignação em folha,188572180736.35,260242956644.19568
352,2016-08,0.44,2.93,Empréstimo sem consignação em folha,39260331256.22,54182035998.37621
353,2016-08,0.44,2.93,Habitacional,463150272829.68,639180158500.0581
354,2016-08,0.44,2.93,Outros créditos,41040255755.07,56638457790.686066
355,2016-08,0.44,2.93,Rural e agroindustrial,114537537691.39,158069909035.1427
356,2016-08,0.44,2.93,Veículos,70002824149.23,96608852158.8995
357,2016-09,0.08,2.97,Cartão de crédito,1854832303.3700001,2548586277.3243427
358,2016-09,0.08,2.97,Empréstimo com consignação em folha,189741449692.49,260709528320.87085
359,2016-09,0.08,2.97,Empréstimo sem consignação em folha,39206001709.37,53870033298.27344
360,2016-09,0.08,2.97,Habitacional,466360947302.7,640791681499.2786
361,2016-09,0.08,2.97,Outros créditos,41077358660.89,56441324858.13797
362,2016-09,0.08,2.97,Rural e agroindustrial,111882067110.88,153728776665.9034
363,2016-09,0.08,2.97,Veículos,69422077876.65,95387682594.44023
364,2016-10,0.26,2.98,Cartão de crédito,1866965950.01,2563207318.389523
365,2016-10,0.26,2.98,Empréstimo com consignação em folha,190009403390.44,260868974782.63818
366,2016-10,0.26,2.98,Empréstimo sem consignação em folha,38358043453.76,52662780325.080025
367,2016-10,0.26,2.98,Habitacional,463488053398.77997,636335103193.2336
368,2016-10,0.26,2.98,Outros créditos,40943779684.78,56212806521.72271
369,2016-10,0.26,2.98,Rural e agroindustrial,109539112976.4,150389168066.7777
370,2016-10,0.26,2.98,Veículos,68283574208.15,93748339189.14626
371,2016-11,0.18,2.98,Cartão de crédito,1944561607.92,2662814551.446188
372,2016-11,0.18,2.98,Empréstimo com consignação em folha,190627267797.22,261038303196.6914
373,2016-11,0.18,2.98,Empréstimo sem consignação em folha,38073279080.69,52136214735.7092
374,2016-11,0.18,2.98,Habitacional,467395147071.18,640034542401.4315
375,2016-11,0.18,2.98,Outros créditos,41570586869.35,56925305517.19965
376,2016-11,0.18,2.98,Rural e agroindustrial,109210608552.91,149549181904.31854
377,2016-11,0.18,2.98,Veículos,68429314647.9,93704706524.99597
378,2016-12,0.3,2.92,Cartão de crédito,1928013604.48,2635407870.634733
379,2016-12,0.3,2.92,Empréstimo com consignação em folha,190971640837.9,261039737563.4555
380,2016-12,0.3,2.92,Empréstimo sem consignação em folha,37643091039.32,51454459745.26723
381,2016-12,0.3,2.92,Habitacional,472534961276.9,645909527404.5508
382,2016-12,0.3,2.92,Outros créditos,41482681632.909996,56702808225.19992
383,2016-12,0.3,2.92,Rural e agroindustrial,110939026147.1,151642904380.58093
384,2016-12,0.3,2.92,Veículos,68784570460.11,94021846084.27316
385,2017-01,0.38,2.93,Cartão de crédito,1884804859.44,2568642072.822685
386,2017-01,0.38,2.93,Empréstimo com consignação em folha,192045296462.94,261722387817.36682
387,2017-01,0.38,2.93,Empréstimo sem consignação em folha,37410814116.39,50984053143.01833
388,2017-01,0.38,2.93,Habitacional,475023091405.22003,647369032414.4595
389,2017-01,0.38,2.93,Outros créditos,41171735255.93,56109496354.397224
390,2017-01,0.38,2.93,Rural e agroindustrial,110850190914.65,151068405165.50623
391,2017-01,0.38,2.93,Veículos,68840649378.38,93817133072.48119
392,2017-02,0.33,2.89,Cartão de crédito,1860264862.29,2525600056.2654724
393,2017-02,0.33,2.89,Empréstimo com consignação em folha,193764954639.78,263066184961.4702
394,2017-02,0.33,2.89,Empréstimo sem consignação em folha,37971095884.79,51551692367.63086
395,2017-02,0.33,2.89,Habitacional,477679399546.78,648524381032.002
396,2017-02,0.33,2.89,Outros créditos,40800829637.14,55393497837.93025
397,2017-02,0.33,2.89,Rural e agroindustrial,111541861292.23,151435495485.74728
398,2017-02,0.33,2.89,Veículos,68921741060.14,93572026558.15579
399,2017-03,0.25,2.88,Cartão de crédito,1817182654.48,2458994398.455119
400,2017-03,0.25,2.88,Empréstimo com consignação em folha,195345209843.58,264339292247.89975
401,2017-03,0.25,2.88,Empréstimo sem consignação em folha,37681300350.43,50989979603.743835
402,2017-03,0.25,2.88,Habitacional,480501795642.77,650210489859.2635
403,2017-03,0.25,2.88,Outros créditos,40615355512.7,54960315327.00927
404,2017-03,0.25,2.88,Rural e agroindustrial,114110481671.82,154413225629.38275
405,2017-03,0.25,2.88,Veículos,68853350931.38,93171703921.84778
406,2017-04,0.14,2.71,Cartão de crédito,1848706753.41,2495416137.0585093
407,2017-04,0.14,2.71,Empréstimo com consignação em folha,196224113471.47,264866679549.64243
408,2017-04,0.14,2.71,Empréstimo sem consignação em folha,37660197647.86,50834381797.94471
409,2017-04,0.14,2.71,Habitacional,483065510832.86,652050125724.5045
410,2017-04,0.14,2.71,Outros créditos,40225978773.14,54297717241.694176
411,2017-04,0.14,2.71,Rural e agroindustrial,116146424595.36,156776439347.29132
412,2017-04,0.14,2.71,Veículos,68666705081.87,92687498232.95209
413,2017-05,0.31,2.59,Cartão de crédito,2071488368.62,2792221690.3029566
414,2017-05,0.31,2.59,Empréstimo com consignação em folha,198719810142.3,267860429523.8514
415,2017-05,0.31,2.59,Empréstimo sem consignação em folha,38063131280.59,51306443411.65923
416,2017-05,0.31,2.59,Habitacional,486014787068.75,655113999585.4255
417,2017-05,0.31,2.59,Outros créditos,40003169291.59,53921479197.70864
418,2017-05,0.31,2.59,Rural e agroindustrial,117293524055.02,158103481033.1478
419,2017-05,0.31,2.59,Veículos,68963574835.09,92958083864.91283
420,2017-06,-0.23,2.58,Cartão de crédito,2260957469.77,3038193255.630035
421,2017-06,-0.23,2.58,Empréstimo com consignação em folha,200600973411.88,269560366632.98788
422,2017-06,-0.23,2.58,Empréstimo sem consignação em folha,38274936894.7,51432482338.98544
423,2017-06,-0.23,2.58,Habitacional,489625469120.21,657941079368.0433
424,2017-06,-0.23,2.58,Outros créditos,40096259799.63,53879910492.79575
425,2017-06,-0.23,2.58,Rural e agroindustrial,121162239162.61,162813455265.18112
426,2017-06,-0.23,2.58,Veículos,69382682364.7,93233950853.30655
427,2017-07,0.24,2.62,Cartão de crédito,2334517025.36,3144271865.57312
428,2017-07,0.24,2.62,Empréstimo com consignação em folha,201810806060.93,271811270927.93997
429,2017-07,0.24,2.62,Empréstimo sem consignação em folha,38382606784.25,51696067892.442406
430,2017-07,0.24,2.62,Habitacional,493061589983.27,664085833831.1216
431,2017-07,0.24,2.62,Outros créditos,42355454363.78,57046944641.1781
432,2017-07,0.24,2.62,Rural e agroindustrial,117280385248.63,157960473928.854
433,2017-07,0.24,2.62,Veículos,69658176896.7,93819939389.66203
434,2017-08,0.19,2.56,Cartão de crédito,2400421485.57,3225293659.136969
435,2017-08,0.19,2.56,Empréstimo com consignação em folha,203791999122.36002,273822345993.58942
436,2017-08,0.19,2.56,Empréstimo sem consignação em folha,38618543521.020004,51889280400.218544
437,2017-08,0.19,2.56,Habitacional,496392247855.0,666970687887.8834
438,2017-08,0.19,2.56,Outros créditos,42499262211.74,57103555252.07915
439,2017-08,0.19,2.56,Rural e agroindustrial,116683664869.58,156780418226.99094
440,2017-08,0.19,2.56,Veículos,70724627943.99,95028183768.48772
441,2017-09,0.16,2.44,Cartão de crédito,2425575191.68,3252912811.3812723
442,2017-09,0.16,2.44,Empréstimo com consignação em folha,204919239681.49,274814989180.66492
443,2017-09,0.16,2.44,Empréstimo sem consignação em folha,38722575579.159996,51930429789.680534
444,2017-09,0.16,2.44,Habitacional,498232736032.99,668174565624.875
445,2017-09,0.16,2.44,Outros créditos,42581366017.32,57105412159.13339
446,2017-09,0.16,2.44,Rural e agroindustrial,115305688116.52,154635218642.54147
447,2017-09,0.16,2.44,Veículos,71451086319.6,95822283668.37582
448,2017-10,0.42,2.46,Cartão de crédito,2355544536.12,3153952320.670216
449,2017-10,0.42,2.46,Empréstimo com consignação em folha,206206160817.72,276099385715.2068
450,2017-10,0.42,2.46,Empréstimo sem consignação em folha,38718710690.72,51842351339.06802
451,2017-10,0.42,2.46,Habitacional,499856576999.07,669282107323.3885
452,2017-10,0.42,2.46,Outros créditos,42833167651.68,57351396437.2739
453,2017-10,0.42,2.46,Rural e agroindustrial,114270396110.66,153002151082.55576
454,2017-10,0.42,2.46,Veículos,72300394584.09,96806489449.55724
455,2017-11,0.28,2.42,Cartão de crédito,2472732647.41,3297010635.0634046
456,2017-11,0.28,2.42,Empréstimo com consignação em folha,207344978093.85,276462802648.0949
457,2017-11,0.28,2.42,Empréstimo sem consignação em folha,39245840194.72,52328322934.354034
458,2017-11,0.28,2.42,Habitacional,501970933964.05,669301434389.0648
459,2017-11,0.28,2.42,Outros créditos,42679599468.61,56906715530.14111
460,2017-11,0.28,2.42,Rural e agroindustrial,114291564108.84,152390313105.44925
461,2017-11,0.28,2.42,Veículos,73700299718.1,98268072867.66342
462,2017-12,0.44,2.31,Cartão de crédito,2473720404.6,3289116447.5208254
463,2017-12,0.44,2.31,Empréstimo com consignação em folha,208153281132.21,276765466018.0096
464,2017-12,0.44,2.31,Empréstimo sem consignação em folha,39310009074.14,52267506528.836586
465,2017-12,0.44,2.31,Habitacional,503655633876.84,669672298530.7268
466,2017-12,0.44,2.31,Outros créditos,42597852681.46,56639100208.38221
467,2017-12,0.44,2.31,Rural e agroindustrial,114932220437.09,152816565642.08536
468,2017-12,0.44,2.31,Veículos,75037237282.32,99771263907.93956
469,2018-01,0.29,2.33,Cartão de crédito,2496849833.85,3305324859.4780264
470,2018-01,0.29,2.33,Empréstimo com consignação em folha,209354326038.82,277142841717.62933
471,2018-01,0.29,2.33,Empréstimo sem consignação em folha,39550622082.96,52357035095.31997
472,2018-01,0.29,2.33,Habitacional,505210332573.82,668796436566.8489
473,2018-01,0.29,2.33,Outros créditos,42573285431.93,56358430843.568985
474,2018-01,0.29,2.33,Rural e agroindustrial,115040016785.0,152289746126.9885
475,2018-01,0.29,2.33,Veículos,76308993526.14,101017694329.97105
476,2018-02,0.32,2.39,Cartão de crédito,2512891141.07,3316939656.386894
477,2018-02,0.32,2.39,Empréstimo com consignação em folha,211024165363.42,278545461484.587
478,2018-02,0.32,2.39,Empréstimo sem consignação em folha,39575314354.11,52238207795.674774
479,2018-02,0.32,2.39,Habitacional,506863012673.21,669043716066.2783
480,2018-02,0.32,2.39,Outros créditos,42596056664.89,56225495505.2751
481,2018-02,0.32,2.39,Rural e agroindustrial,115285546614.66,152173405017.2902
482,2018-02,0.32,2.39,Veículos,76989684376.02,101624034987.36261
483,2018-03,0.09,2.37,Cartão de crédito,2597205804.18,3417295917.5022964
484,2018-03,0.09,2.37,Empréstimo com consignação em folha,212774447871.93,279959813308.33295
485,2018-03,0.09,2.37,Empréstimo sem consignação em folha,39737048121.63,52284363488.28801
486,2018-03,0.09,2.37,Habitacional,508961470187.61,669670440224.2072
487,2018-03,0.09,2.37,Outros créditos,43065071532.14,56663238968.92347
488,2018-03,0.09,2.37,Rural e agroindustrial,117459430280.76,154548257563.79224
489,2018-03,0.09,2.37,Veículos,77971390881.2,102591529447.3268
490,2018-04,0.22,2.37,Cartão de crédito,2679433976.45,3522319573.481287
491,2018-04,0.22,2.37,Empréstimo com consignação em folha,214279591809.41,281686806639.60736
492,2018-04,0.22,2.37,Empréstimo sem consignação em folha,40091616417.63,52703476361.60799
493,2018-04,0.22,2.37,Habitacional,511297382532.05,672139263064.9863
494,2018-04,0.22,2.37,Outros créditos,43618004171.12,57339181035.42096
495,2018-04,0.22,2.37,Rural e agroindustrial,120520252679.85,158433030537.8838
496,2018-04,0.22,2.37,Veículos,79248948843.5,104178765419.3711
497,2018-05,0.4,2.27,Cartão de crédito,2686445341.79,3523785705.00178
498,2018-05,0.4,2.27,Empréstimo com consignação em folha,217122685989.32,284797834975.10803
499,2018-05,0.4,2.27,Empréstimo sem consignação em folha,40758039223.42,53461946068.737946
500,2018-05,0.4,2.27,Habitacional,514370131889.08,674694582329.718
501,2018-05,0.4,2.27,Outros créditos,43674771286.75,57287796753.35836
502,2018-05,0.4,2.27,Rural e agroindustrial,121692958221.14,159623536689.30627
503,2018-05,0.4,2.27,Veículos,80190639919.88,105185326583.39384
504,2018-06,1.26,2.24,Cartão de crédito,2792357508.01,3648115319.3258286
505,2018-06,1.26,2.24,Empréstimo com consignação em folha,219054775858.9,286187238306.6921
506,2018-06,1.26,2.24,Empréstimo sem consignação em folha,41383108132.6,54065552246.36897
507,2018-06,1.26,2.24,Habitacional,517515892558.64,676116023905.2717
508,2018-06,1.26,2.24,Outros créditos,44206005738.43,57753567112.36504
509,2018-06,1.26,2.24,Rural e agroindustrial,124024584018.37,162033687890.08536
510,2018-06,1.26,2.24,Veículos,80846226275.53,105622706168.32028
511,2018-07,0.33,2.21,Cartão de crédito,2827798918.2200003,3648447302.4551783
512,2018-07,0.33,2.21,Empréstimo com consignação em folha,220930339693.48,285045975755.7886
513,2018-07,0.33,2.21,Empréstimo sem consignação em folha,42008363541.17,54199504658.84372
514,2018-07,0.33,2.21,Habitacional,520372958859.36,671389081376.4523
515,2018-07,0.33,2.21,Outros créditos,44130087742.28,56936969083.28248
516,2018-07,0.33,2.21,Rural e agroindustrial,123365048881.0,159166508236.18393
517,2018-07,0.33,2.21,Veículos,81690754579.08,105398022207.03192
518,2018-08,-0.09,2.2,Cartão de crédito,2883336234.09,3707863600.2677984
519,2018-08,-0.09,2.2,Empréstimo com consignação em folha,223560129463.87,287490045978.5801
520,2018-08,-0.09,2.2,Empréstimo sem consignação em folha,43273446235.15,55648049040.003136
521,2018-08,-0.09,2.2,Habitacional,523870588228.63,673678172659.2024
522,2018-08,-0.09,2.2,Outros créditos,45295054730.65,58247762686.24126
523,2018-08,-0.09,2.2,Rural e agroindustrial,124270297101.2,159806999186.631
524,2018-08,-0.09,2.2,Veículos,83421968687.02,107277561839.71521
525,2018-09,0.48,2.2,Cartão de crédito,3019507212.61,3886468417.7683883
526,2018-09,0.48,2.2,Empréstimo com consignação em folha,225153280253.18,289799312022.3623
527,2018-09,0.48,2.2,Empréstimo sem consignação em folha,44243005540.16,56946061602.66611
528,2018-09,0.48,2.2,Habitacional,526640076231.89,677849026244.647
529,2018-09,0.48,2.2,Outros créditos,45153048397.840004,58117396054.33374
530,2018-09,0.48,2.2,Rural e agroindustrial,124725088312.34,160536167823.9818
531,2018-09,0.48,2.2,Veículos,84463256363.2,108714354761.78484
532,2018-10,0.45,2.21,Cartão de crédito,3000377107.16,3843398492.81321
533,2018-10,0.45,2.21,Empréstimo com consignação em folha,227280083863.74,291139380341.1579
534,2018-10,0.45,2.21,Empréstimo sem consignação em folha,45072502550.25,57736605160.58343
535,2018-10,0.45,2.21,Habitacional,529730800116.97003,678570221692.3785
536,2018-10,0.45,2.21,Outros créditos,45635027603.29,58457183895.79117
537,2018-10,0.45,2.21,Rural e agroindustrial,125653501294.93001,160958592951.92368
538,2018-10,0.45,2.21,Veículos,85849780609.86,109971148832.22087
539,2018-11,-0.21,2.21,Cartão de crédito,3251528314.43,4146460087.0421624
540,2018-11,-0.21,2.21,Empréstimo com consignação em folha,225952116316.91,288141864775.6774
541,2018-11,-0.21,2.21,Empréstimo sem consignação em folha,45652776765.95,58217981951.00192
542,2018-11,-0.21,2.21,Habitacional,533066352627.21,679784440167.5913
543,2018-11,-0.21,2.21,Outros créditos,44482809774.04,56726000037.8867
544,2018-11,-0.21,2.21,Rural e agroindustrial,125988470420.65,160664805441.89764
545,2018-11,-0.21,2.21,Veículos,86290547003.45,110040656097.3049
546,2018-12,0.15,2.12,Cartão de crédito,3330485596.0,4256088775.9021544
547,2018-12,0.15,2.12,Empréstimo com consignação em folha,227027257274.54,290122306089.69147
548,2018-12,0.15,2.12,Empréstimo sem consignação em folha,46648182453.37,59612570009.15247
549,2018-12,0.15,2.12,Habitacional,535580826913.09,684428585654.5698
550,2018-12,0.15,2.12,Outros créditos,44814011218.03,57268648865.28419
551,2018-12,0.15,2.12,Rural e agroindustrial,125996382828.19,161013094127.58994
552,2018-12,0.15,2.12,Veículos,87828574200.99,112237749747.14621
553,2019-01,0.32,2.21,Cartão de crédito,3388198686.14,4323355898.387364
554,2019-01,0.32,2.21,Empréstimo com consignação em folha,229455836044.66,292786620289.15466
555,2019-01,0.32,2.21,Empréstimo sem consignação em folha,47511351802.2,60624686472.68433
556,2019-01,0.32,2.21,Habitacional,535817553777.2,683705471895.2299
557,2019-01,0.32,2.21,Outros créditos,41421629563.89,52854175060.16372
558,2019-01,0.32,2.21,Rural e agroindustrial,128901228916.36,164478514977.47083
559,2019-01,0.32,2.21,Veículos,89486049675.55,114184579042.18312
560,2019-02,0.43,2.25,Cartão de crédito,3664185020.66,4660603484.60181
561,2019-02,0.43,2.25,Empréstimo com consignação em folha,233002409465.16,296363812239.57477
562,2019-02,0.43,2.25,Empréstimo sem consignação em folha,46494275809.96,59137675262.61716
563,2019-02,0.43,2.25,Habitacional,539126881132.5,685734100947.7876
564,2019-02,0.43,2.25,Outros créditos,40706243444.95,51775676985.44099
565,2019-02,0.43,2.25,Rural e agroindustrial,129230254315.24,164372423931.01096
566,2019-02,0.43,2.25,Veículos,91101505938.01,115875151945.98015
567,2019-03,0.75,2.28,Cartão de crédito,3747779492.1,4746522728.736067
568,2019-03,0.75,2.28,Empréstimo com consignação em folha,235062876046.66,297704623815.0903
569,2019-03,0.75,2.28,Empréstimo sem consignação em folha,47293875954.63,59897189154.76838
570,2019-03,0.75,2.28,Habitacional,541755783375.12,686127917780.2832
571,2019-03,0.75,2.28,Outros créditos,41578705566.78,52658986853.456055
572,2019-03,0.75,2.28,Rural e agroindustrial,130315887605.32,165043680861.67056
573,2019-03,0.75,2.28,Veículos,91797266445.89,116260258251.50964
574,2019-04,0.57,2.28,Cartão de crédito,3909030056.27,4913892541.768019
575,2019-04,0.57,2.28,Empréstimo com consignação em folha,239138603347.38,300612014367.26587
576,2019-04,0.57,2.28,Empréstimo sem consignação em folha,48168967617.340004,60551371391.95315
577,2019-04,0.57,2.28,Habitacional,544037841001.12,683889213143.0388
578,2019-04,0.57,2.28,Outros créditos,42805476758.38,53809131667.44382
579,2019-04,0.57,2.28,Rural e agroindustrial,131650511159.6,165492834691.68158
580,2019-04,0.57,2.28,Veículos,93354514568.02,117352398490.8655
581,2019-05,0.13,2.27,Cartão de crédito,4017725888.85,5021906589.806633
582,2019-05,0.13,2.27,Empréstimo com consignação em folha,242631429960.42,303274143314.2431
583,2019-05,0.13,2.27,Empréstimo sem consignação em folha,49190693190.18,61485296190.68395
584,2019-05,0.13,2.27,Habitacional,546885632289.84,683572905829.3281
585,2019-05,0.13,2.27,Outros créditos,43862744959.19,54825693452.32596
586,2019-05,0.13,2.27,Rural e agroindustrial,131075815080.23,163836587593.60876
587,2019-05,0.13,2.27,Veículos,94971851314.52,118708886359.35265
588,2019-06,0.01,2.28,Cartão de crédito,4153818444.59,5185272014.34084
589,2019-06,0.01,2.28,Empréstimo com consignação em folha,245698356683.74,306708834263.3332
590,2019-06,0.01,2.28,Empréstimo sem consignação em folha,50241723721.09,62717474882.06035
591,2019-06,0.01,2.28,Habitacional,550491936741.7,687187095869.5143
592,2019-06,0.01,2.28,Outros créditos,44154957760.58,55119276353.67229
593,2019-06,0.01,2.28,Rural e agroindustrial,131667620303.03,164362606565.37817
594,2019-06,0.01,2.28,Veículos,96301453241.47,120214505543.37729
595,2019-07,0.19,2.26,Cartão de crédito,4390758504.76,5480501134.843417
596,2019-07,0.19,2.26,Empréstimo com consignação em folha,249412072758.4,311313670818.8817
597,2019-07,0.19,2.26,Empréstimo sem consignação em folha,51071044769.83,63746370590.69852
598,2019-07,0.19,2.26,Habitacional,550576017295.73,687223513735.8689
599,2019-07,0.19,2.26,Outros créditos,44417752137.29,55441796840.27452
600,2019-07,0.19,2.26,Rural e agroindustrial,129225781563.51,161298336435.96292
601,2019-07,0.19,2.26,Veículos,97984626678.56,122303437350.7202
602,2019-08,0.11,2.27,Cartão de crédito,4529078946.05,5642427598.679949
603,2019-08,0.11,2.27,Empréstimo com consignação em folha,253164233963.66,315397650986.19965
604,2019-08,0.11,2.27,Empréstimo sem consignação em folha,51959405563.84,64732186710.96635
605,2019-08,0.11,2.27,Habitacional,552424320652.67,688222543736.2107
606,2019-08,0.11,2.27,Outros créditos,46005567470.47,57314762378.93926
607,2019-08,0.11,2.27,Rural e agroindustrial,129925874285.68,161864552944.37012
608,2019-08,0.11,2.27,Veículos,100113851600.64,124724069951.18951
609,2019-09,-0.04,2.22,Cartão de crédito,4607251471.18,5733506084.216788
610,2019-09,-0.04,2.22,Empréstimo com consignação em folha,256358258350.34,319025701806.21014
611,2019-09,-0.04,2.22,Empréstimo sem consignação em folha,52813383668.98,65723752759.824585
612,2019-09,-0.04,2.22,Habitacional,557401089916.22,693659237047.2885
613,2019-09,-0.04,2.22,Outros créditos,45586995010.33,56730854586.052155
614,2019-09,-0.04,2.22,Rural e agroindustrial,131578029379.08,163742621107.89325
615,2019-09,-0.04,2.22,Veículos,101965365630.14,126891064635.12955
616,2019-10,0.1,2.17,Cartão de crédito,4714737598.69,5869613107.385458
617,2019-10,0.1,2.17,Empréstimo com consignação em folha,260250766618.2,323999221372.0949
618,2019-10,0.1,2.17,Empréstimo sem consignação em folha,53877599539.61,67074923647.93063
619,2019-10,0.1,2.17,Habitacional,558732701437.45,695594339925.38
620,2019-10,0.1,2.17,Outros créditos,46012782545.14,57283618840.05424
621,2019-10,0.1,2.17,Rural e agroindustrial,132742317023.24,165257562609.80734
622,2019-10,0.1,2.17,Veículos,104173694435.1,129691052683.59491
623,2019-11,0.51,2.19,Cartão de crédito,5025355831.8,6250064664.850101
624,2019-11,0.51,2.19,Empréstimo com consignação em folha,264113618276.31,328479663598.9077
625,2019-11,0.51,2.19,Empréstimo sem consignação em folha,55082498761.88,68506428337.8246
626,2019-11,0.51,2.19,Habitacional,563617049694.33,700973846371.3608
627,2019-11,0.51,2.19,Outros créditos,46126706828.98,57368057130.084915
628,2019-11,0.51,2.19,Rural e agroindustrial,133840742875.95999,166458520702.742
629,2019-11,0.51,2.19,Veículos,106540476232.55,132505018184.723
630,2019-12,1.15,2.1,Cartão de crédito,5027613846.5,6221143542.397485
631,2019-12,1.15,2.1,Empréstimo com consignação em folha,266294142608.9,329511003877.69867
632,2019-12,1.15,2.1,Empréstimo sem consignação em folha,55995070911.63,69288013050.26324
633,2019-12,1.15,2.1,Habitacional,567871147485.95,702680840246.9991
634,2019-12,1.15,2.1,Outros créditos,46280320338.48,57267030604.24111
635,2019-12,1.15,2.1,Rural e agroindustrial,134954235571.44,166991677717.83502
636,2019-12,1.15,2.1,Veículos,108939578031.62,134801274138.17274
637,2020-01,0.21,2.09,Cartão de crédito,5274948406.41,6452981384.009932
638,2020-01,0.21,2.09,Empréstimo com consignação em folha,270204202783.88998,330547818880.4416
639,2020-01,0.21,2.09,Empréstimo sem consignação em folha,57092956166.77,69843296069.88503
640,2020-01,0.21,2.09,Habitacional,569676583166.7,696900159556.8159
641,2020-01,0.21,2.09,Outros créditos,47719347550.8,58376317203.06879
642,2020-01,0.21,2.09,Rural e agroindustrial,136263486499.47,166694662005.1972
643,2020-01,0.21,2.09,Veículos,110980683364.48,135765552297.2382
644,2020-02,0.25,2.13,Cartão de crédito,5382737501.68,6571046504.671197
645,2020-02,0.25,2.13,Empréstimo com consignação em folha,274041721737.02,334539980296.66034
646,2020-02,0.25,2.13,Empréstimo sem consignação em folha,58068293124.64,70887620741.26723
647,2020-02,0.25,2.13,Habitacional,572476792905.48,698858457774.1063
648,2020-02,0.25,2.13,Outros créditos,47697108958.0,58226863376.40763
649,2020-02,0.25,2.13,Rural e agroindustrial,137384161568.13,167713494181.6659
650,2020-02,0.25,2.13,Veículos,112057413407.59,136795538416.024
651,2020-03,0.07,2.1,Cartão de crédito,7525592906.6,9164052364.154627
652,2020-03,0.07,2.1,Empréstimo com consignação em folha,276815696878.96,337083545828.5277
653,2020-03,0.07,2.1,Empréstimo sem consignação em folha,58564616258.58,71315206222.43175
654,2020-03,0.07,2.1,Habitacional,576591849831.67,702126459693.0524
655,2020-03,0.07,2.1,Outros créditos,51543846401.65,62765886135.08562
656,2020-03,0.07,2.1,Rural e agroindustrial,140894022594.51,171569232733.8246
657,2020-03,0.07,2.1,Veículos,111555494492.76,135843169532.0977
658,2020-04,-0.31,2.02,Cartão de crédito,7931117876.12,9651114162.116674
659,2020-04,-0.31,2.02,Empréstimo com consignação em folha,277881614830.74,338144916035.0656
660,2020-04,-0.31,2.02,Empréstimo sem consignação em folha,59202138688.52,72041118042.73048
661,2020-04,-0.31,2.02,Habitacional,582778875234.25,709164274697.0814
662,2020-04,-0.31,2.02,Outros créditos,55231777607.99,67209717393.851746
663,2020-04,-0.31,2.02,Rural e agroindustrial,144025896497.79,175260334181.46365
664,2020-04,-0.31,2.02,Veículos,110953916525.32,135016139193.19148
665,2020-05,-0.38,1.97,Cartão de crédito,8004935678.56,9771230829.166265
666,2020-05,-0.38,1.97,Empréstimo com consignação em folha,278861466173.38,340392460946.0449
667,2020-05,-0.38,1.97,Empréstimo sem consignação em folha,59224730480.04,72292712340.66072
668,2020-05,-0.38,1.97,Habitacional,588773790151.72,718687175106.7543
669,2020-05,-0.38,1.97,Outros créditos,57286981932.58,69927398101.24396
670,2020-05,-0.38,1.97,Rural e agroindustrial,144441752588.38998,176312935242.0197
671,2020-05,-0.38,1.97,Veículos,109620743148.16,133808643564.02951
672,2020-06,0.26,1.87,Cartão de crédito,8184867478.37,10028972446.645262
673,2020-06,0.26,1.87,Empréstimo com consignação em folha,281561457967.72003,344999123254.9413
674,2020-06,0.26,1.87,Empréstimo sem consignação em folha,60405804318.38,74015632962.5906
675,2020-06,0.26,1.87,Habitacional,597198817010.62,731751674269.1854
676,2020-06,0.26,1.87,Outros créditos,59178118765.16,72511341705.71619
677,2020-06,0.26,1.87,Rural e agroindustrial,146542027199.69,179558918570.776
678,2020-06,0.26,1.87,Veículos,110096383745.74,134901829746.08157
679,2020-07,0.36,1.85,Cartão de crédito,8429016411.25,10301346815.294735
680,2020-07,0.36,1.85,Empréstimo com consignação em folha,286052287605.82,349592844308.9834
681,2020-07,0.36,1.85,Empréstimo sem consignação em folha,61888502149.01,75635743651.55623
682,2020-07,0.36,1.85,Habitacional,603132598457.25,737105940857.5344
683,2020-07,0.36,1.85,Outros créditos,59776862850.45,73055047672.10133
684,2020-07,0.36,1.85,Rural e agroindustrial,146986196995.47,179636118668.68155
685,2020-07,0.36,1.85,Veículos,110903196157.29,135538030868.71484
686,2020-08,0.24,1.8,Cartão de crédito,8473056344.74,10318027611.659891
687,2020-08,0.24,1.8,Empréstimo com consignação em folha,288831894740.72003,351723787003.1231
688,2020-08,0.24,1.8,Empréstimo sem consignação em folha,62604466990.35,76236318128.66258
689,2020-08,0.24,1.8,Habitacional,610715772277.21,743696482691.7845
690,2020-08,0.24,1.8,Outros créditos,61667330702.77,75095124479.32002
691,2020-08,0.24,1.8,Rural e agroindustrial,148847282376.83,181258132484.63602
692,2020-08,0.24,1.8,Veículos,112038834909.38,136434805238.9424
693,2020-09,0.64,1.77,Cartão de crédito,8477263028.97,10298428489.946419
694,2020-09,0.64,1.77,Empréstimo com consignação em folha,293799876987.96,356916732815.2593
695,2020-09,0.64,1.77,Empréstimo sem consignação em folha,65345461877.77,79383589254.10143
696,2020-09,0.64,1.77,Habitacional,617192524446.87,749783633682.7543
697,2020-09,0.64,1.77,Outros créditos,62907386346.4,76421743381.5483
698,2020-09,0.64,1.77,Rural e agroindustrial,152223895199.28,184926065619.71417
699,2020-09,0.64,1.77,Veículos,113968935084.07,138452814785.58145
700,2020-10,0.86,1.8,Cartão de crédito,8546122598.05,10316054030.166203
701,2020-10,0.86,1.8,Empréstimo com consignação em folha,303183604916.99,365973973986.5049
702,2020-10,0.86,1.8,Empréstimo sem consignação em folha,67587985822.57,81585690532.31596
703,2020-10,0.86,1.8,Habitacional,624051971990.32,753295285297.3151
704,2020-10,0.86,1.8,Outros créditos,63871629247.51,77099663707.42229
705,2020-10,0.86,1.8,Rural e agroindustrial,154813980488.13,186876489193.47992
706,2020-10,0.86,1.8,Veículos,115859933741.5,139854925165.88837
707,2020-11,0.89,1.77,Cartão de crédito,8952387080.55,10714312312.904388
708,2020-11,0.89,1.77,Empréstimo com consignação em folha,311307379353.44,372575990927.734
709,2020-11,0.89,1.77,Empréstimo sem consignação em folha,71255505222.53,85279348412.74452
710,2020-11,0.89,1.77,Habitacional,631524935745.49,755815776740.1136
711,2020-11,0.89,1.77,Outros créditos,64269882249.06,76918880353.83221
712,2020-11,0.89,1.77,Rural e agroindustrial,155986988596.94,186686891165.38882
713,2020-11,0.89,1.77,Veículos,118312521001.4,141597686642.72058
714,2020-12,1.35,1.74,Cartão de crédito,8712960756.46,10335774550.59751
715,2020-12,1.35,1.74,Empréstimo com consignação em folha,316297212928.6,375208471057.1546
716,2020-12,1.35,1.74,Empréstimo sem consignação em folha,74003020423.87,87786294067.408
717,2020-12,1.35,1.74,Habitacional,639567785147.3099,758689109463.3303
718,2020-12,1.35,1.74,Outros créditos,64575664026.9,76603065650.48079
719,2020-12,1.35,1.74,Rural e agroindustrial,158679841261.16,188234414321.67087
720,2020-12,1.35,1.74,Veículos,121236057228.77,143816618706.89008
721,2021-01,0.25,1.83,Cartão de crédito,8765491366.99,10259581089.941483
722,2021-01,0.25,1.83,Empréstimo com consignação em folha,319111541142.3,373504529981.6288
723,2021-01,0.25,1.83,Empréstimo sem consignação em folha,74512044745.59,87212722394.9613
724,2021-01,0.25,1.83,Habitacional,644490519886.69,754344790684.1779
725,2021-01,0.25,1.83,Outros créditos,64456379487.5,75443055549.22139
726,2021-01,0.25,1.83,Rural e agroindustrial,160317881023.33,187644278188.5089
727,2021-01,0.25,1.83,Veículos,121935555054.93001,142719633441.6863
728,2021-02,0.86,1.85,Cartão de crédito,8864112375.89,10349142071.694895
729,2021-02,0.86,1.85,Empréstimo com consignação em folha,322391369369.41,376402502902.30457
730,2021-02,0.86,1.85,Empréstimo sem consignação em folha,76043032981.64,88782736332.41888
731,2021-02,0.86,1.85,Habitacional,650847887913.48,759886266491.8394
732,2021-02,0.86,1.85,Outros créditos,64816835630.8,75675782541.452
733,2021-02,0.86,1.85,Rural e agroindustrial,162123168571.46,189284119324.00815
734,2021-02,0.86,1.85,Veículos,123430172847.54,144108777118.79102
735,2021-03,0.93,1.87,Cartão de crédito,9360749535.57,10835795603.912148
736,2021-03,0.93,1.87,Empréstimo com consignação em folha,326073861775.26,377455854848.9002
737,2021-03,0.93,1.87,Empréstimo sem consignação em folha,78065513351.74,90366903118.12946
738,2021-03,0.93,1.87,Habitacional,659674445593.84,763624475841.0416
739,2021-03,0.93,1.87,Outros créditos,66375824573.58,76835179211.60211
740,2021-03,0.93,1.87,Rural e agroindustrial,168272066924.87,194788004541.42136
741,2021-03,0.93,1.87,Veículos,123455332687.71,142909149116.07468
742,2021-04,0.31,1.89,Cartão de crédito,9141252879.01,10484205430.00336
743,2021-04,0.31,1.89,Empréstimo com consignação em folha,333679818763.3,382701125771.67883
744,2021-04,0.31,1.89,Empréstimo sem consignação em folha,79860812323.61,91593261152.44157
745,2021-04,0.31,1.89,Habitacional,667567531130.26,765640687048.5563
746,2021-04,0.31,1.89,Outros créditos,66883420493.39,76709344943.7469
747,2021-04,0.31,1.89,Rural e agroindustrial,174058150435.55,199629244490.43008
748,2021-04,0.31,1.89,Veículos,124250179783.36,142503924440.6808
749,2021-05,0.83,1.85,Cartão de crédito,9201135987.4,10520276207.795103
750,2021-05,0.83,1.85,Empréstimo com consignação em folha,341785938600.67,390786798819.56537
751,2021-05,0.83,1.85,Empréstimo sem consignação em folha,81762022835.26,93484007269.63326
752,2021-05,0.83,1.85,Habitacional,674829090333.32,771577382736.6006
753,2021-05,0.83,1.85,Outros créditos,67204884692.590004,76839854388.33316
754,2021-05,0.83,1.85,Rural e agroindustrial,176043468934.67,201282311261.05325
755,2021-05,0.83,1.85,Veículos,125028052817.71,142952962673.99063
756,2021-06,0.53,1.85,Cartão de crédito,9441176448.15,10705864699.583147
757,2021-06,0.53,1.85,Empréstimo com consignação em folha,348625538517.81,395325504897.4685
758,2021-06,0.53,1.85,Empréstimo sem consignação em folha,84275678684.97,95564786700.24509
759,2021-06,0.53,1.85,Habitacional,685381092452.7,777190987134.7546
760,2021-06,0.53,1.85,Outros créditos,66996064593.08,75970490211.37541
761,2021-06,0.53,1.85,Rural e agroindustrial,179712504341.72,203785806448.16855
762,2021-06,0.53,1.85,Veículos,126315723350.29,143236285334.2464
763,2021-07,0.96,1.85,Cartão de crédito,9642869979.15,10876927644.86183
764,2021-07,0.96,1.85,Empréstimo com consignação em folha,362114529955.9,408456564280.1153
765,2021-07,0.96,1.85,Empréstimo sem consignação em folha,87546536390.04,98750407703.48186
766,2021-07,0.96,1.85,Habitacional,694588176367.39,783478917963.2374
767,2021-07,0.96,1.85,Outros créditos,68592044790.87,77370192672.57396
768,2021-07,0.96,1.85,Rural e agroindustrial,179117252856.13998,202039994677.43414
769,2021-07,0.96,1.85,Veículos,127468998496.29001,143781994012.6749
770,2021-08,0.87,1.89,Cartão de crédito,9869886602.4,11027139900.65183
771,2021-08,0.87,1.89,Empréstimo com consignação em folha,368638173957.87,411861339517.90204
772,2021-08,0.87,1.89,Empréstimo sem consignação em folha,90693939160.08,101327887092.05847
773,2021-08,0.87,1.89,Habitacional,704810440651.7,787450114230.9457
774,2021-08,0.87,1.89,Outros créditos,70519465449.97,78787937750.66386
775,2021-08,0.87,1.89,Rural e agroindustrial,181434647976.86,202708027626.1586
776,2021-08,0.87,1.89,Veículos,129361093663.95,144528801089.45047
777,2021-09,1.16,1.93,Cartão de crédito,8227211915.16,9112581756.218435
778,2021-09,1.16,1.93,Empréstimo com consignação em folha,374455260270.23,414752191683.659
779,2021-09,1.16,1.93,Empréstimo sem consignação em folha,94347807688.29,104501029017.53159
780,2021-09,1.16,1.93,Habitacional,713713529983.84,790519675385.1351
781,2021-09,1.16,1.93,Outros créditos,73274398562.34,81159808987.8632
782,2021-09,1.16,1.93,Rural e agroindustrial,184884760456.04,204781098689.10077
783,2021-09,1.16,1.93,Veículos,130941289293.97,145032511166.6637
784,2021-10,1.25,2.01,Cartão de crédito,10427497005.7,11417214652.89717
785,2021-10,1.25,2.01,Empréstimo com consignação em folha,379329734138.3,415333516424.5058
786,2021-10,1.25,2.01,Empréstimo sem consignação em folha,96847564101.69,106039774200.34608
787,2021-10,1.25,2.01,Habitacional,721824927343.01,790336370538.5991
788,2021-10,1.25,2.01,Outros créditos,72779193466.01,79686973164.50453
789,2021-10,1.25,2.01,Rural e agroindustrial,190460151748.38,208537526709.04233
790,2021-10,1.25,2.01,Veículos,131877203531.93,144394224205.9438
791,2021-11,0.95,2.07,Cartão de crédito,11012826897.89,11909240423.664206
792,2021-11,0.95,2.07,Empréstimo com consignação em folha,383240623785.96,414435346264.86316
793,2021-11,0.95,2.07,Empréstimo sem consignação em folha,98094455235.23,106079071473.33324
794,2021-11,0.95,2.07,Habitacional,730189515917.5,789624914704.3796
795,2021-11,0.95,2.07,Outros créditos,73892030801.75,79906636903.50429
796,2021-11,0.95,2.07,Rural e agroindustrial,192961894777.53,208668457138.07504
797,2021-11,0.95,2.07,Veículos,132274207276.24,143040960409.91547
798,2021-12,0.73,2.12,Cartão de crédito,11242477848.13,12043165932.884872
799,2021-12,0.73,2.12,Empréstimo com consignação em folha,386784398584.94,414331142594.54047
800,2021-12,0.73,2.12,Empréstimo sem consignação em folha,100649597249.8,107817850933.90189
801,2021-12,0.73,2.12,Habitacional,738622817226.02,791227456245.1062
802,2021-12,0.73,2.12,Outros créditos,74207128948.81,79492152833.74152
803,2021-12,0.73,2.12,Rural e agroindustrial,197614972883.8,211689090377.7059
804,2021-12,0.73,2.12,Veículos,133447319097.32,142951423066.8447
805,2022-01,0.54,2.18,Cartão de crédito,11185203156.84,11894983729.841219
806,2022-01,0.54,2.18,Empréstimo com consignação em folha,386924932772.86,411478067538.59155
807,2022-01,0.54,2.18,Empréstimo sem consignação em folha,103166200425.77,109712828486.59184
808,2022-01,0.54,2.18,Habitacional,744398602719.83,791635980474.2683
809,2022-01,0.54,2.18,Outros créditos,74578036395.6,79310542427.3572
810,2022-01,0.54,2.18,Rural e agroindustrial,199771211467.81,212448113528.195
811,2022-01,0.54,2.18,Veículos,133526220726.85,141999407680.1182
812,2022-02,1.01,2.22,Cartão de crédito,11543252421.3,12209817190.84052
813,2022-02,1.01,2.22,Empréstimo com consignação em folha,388414515530.76,410843500238.15643
814,2022-02,1.01,2.22,Empréstimo sem consignação em folha,105583805922.26,111680739671.35811
815,2022-02,1.01,2.22,Habitacional,749608871140.74,792895013226.2638
816,2022-02,1.01,2.22,Outros créditos,75999144093.23,80387712420.32507
817,2022-02,1.01,2.22,Rural e agroindustrial,201164269872.32,212780494684.29803
818,2022-02,1.01,2.22,Veículos,134364850382.17,142123744692.06775
819,2022-03,1.62,2.31,Cartão de crédito,11943889717.24,12507258261.25537
820,2022-03,1.62,2.31,Empréstimo com consignação em folha,392569182668.22,411085858064.6673
821,2022-03,1.62,2.31,Empréstimo sem consignação em folha,107980860696.69,113074094284.10443
822,2022-03,1.62,2.31,Habitacional,756407646122.72,792085828387.1759
823,2022-03,1.62,2.31,Outros créditos,77345012058.47,80993216107.72008
824,2022-03,1.62,2.31,Rural e agroindustrial,203537212736.49,213137641567.2076
825,2022-03,1.62,2.31,Veículos,134358620095.48,140696037969.47858
826,2022-04,1.06,2.34,Cartão de crédito,12232124262.44,12604882820.054132
827,2022-04,1.06,2.34,Empréstimo com consignação em folha,402116434294.32,414370425410.21704
828,2022-04,1.06,2.34,Empréstimo sem consignação em folha,108421632998.35,111725645503.74388
829,2022-04,1.06,2.34,Habitacional,762816503991.23,786062374753.4442
830,2022-04,1.06,2.34,Outros créditos,79339454047.11,81757223832.46976
831,2022-04,1.06,2.34,Rural e agroindustrial,206595883770.37,212891632733.59204
832,2022-04,1.06,2.34,Veículos,134379295214.81,138474334733.9298
833,2022-05,0.47,2.37,Cartão de crédito,12674516746.78,12923762438.702114
834,2022-05,0.47,2.37,Empréstimo com consignação em folha,407554226904.07,415568823224.38293
835,2022-05,0.47,2.37,Empréstimo sem consignação em folha,108961117805.08,111103849535.41077
836,2022-05,0.47,2.37,Habitacional,771234361812.48,786400765864.366
837,2022-05,0.47,2.37,Outros créditos,80884036485.8,82474629487.65773
838,2022-05,0.47,2.37,Rural e agroindustrial,208013742141.75,212104354046.34988
839,2022-05,0.47,2.37,Veículos,134902841784.66,137555720218.97342
840,2022-06,0.67,2.41,Cartão de crédito,13160546145.34,13356572792.930922
841,2022-06,0.67,2.41,Empréstimo com consignação em folha,411535852113.19,417665688410.4311
842,2022-06,0.67,2.41,Empréstimo sem consignação em folha,110590234440.77,112237478610.90608
843,2022-06,0.67,2.41,Habitacional,780755376013.33,792384745893.4451
844,2022-06,0.67,2.41,Outros créditos,83407331114.98,84649685294.08562
845,2022-06,0.67,2.41,Rural e agroindustrial,214153787541.67,217343613296.398
846,2022-06,0.67,2.41,Veículos,135476503575.97,137494429316.28894
847,2022-07,-0.68,2.48,Cartão de crédito,13473379237.6,13583051252.739117
848,2022-07,-0.68,2.48,Empréstimo com consignação em folha,415438812253.53,418820444352.1573
849,2022-07,-0.68,2.48,Empréstimo sem consignação em folha,111633142397.18,112541825472.68077
850,2022-07,-0.68,2.48,Habitacional,790474027963.79,796908410759.1611
851,2022-07,-0.68,2.48,Outros créditos,84124681785.39,84809448629.07785
852,2022-07,-0.68,2.48,Rural e agroindustrial,219159000154.45,220942933402.2975
853,2022-07,-0.68,2.48,Veículos,135350748805.19,136452490922.75975
854,2022-08,-0.36,2.5,Cartão de crédito,13001657913.6,13197231788.281918
855,2022-08,-0.36,2.5,Empréstimo com consignação em folha,420183883542.91,426504384415.1428
856,2022-08,-0.36,2.5,Empréstimo sem consignação em folha,113325411962.97,115030078403.57362
857,2022-08,-0.36,2.5,Habitacional,800705622537.67,812750017346.3878
858,2022-08,-0.36,2.5,Outros créditos,85288604231.0,86571534677.75644
859,2022-08,-0.36,2.5,Rural e agroindustrial,227272354945.61,230691037036.78412
860,2022-08,-0.36,2.5,Veículos,136498561106.06,138551803289.5891
861,2022-09,-0.29,2.49,Cartão de crédito,13513442984.74,13766267324.563156
862,2022-09,-0.29,2.49,Empréstimo com consignação em folha,424420279267.34,432360800201.53107
863,2022-09,-0.29,2.49,Empréstimo sem consignação em folha,115570596428.4,117732818134.44295
864,2022-09,-0.29,2.49,Habitacional,810323233136.98,825483650559.2883
865,2022-09,-0.29,2.49,Outros créditos,86814791764.55,88439018280.29013
866,2022-09,-0.29,2.49,Rural e agroindustrial,234556227645.26,238944563280.58173
867,2022-09,-0.29,2.49,Veículos,137448033430.12,140019562266.34647
868,2022-10,0.59,2.59,Cartão de crédito,14151284395.9,14457975455.356472
869,2022-10,0.59,2.59,Empréstimo com consignação em folha,431905517220.27,441265908613.4186
870,2022-10,0.59,2.59,Empréstimo sem consignação em folha,115611912293.13,118117489799.3839
871,2022-10,0.59,2.59,Habitacional,819156439073.28,836909453508.6879
872,2022-10,0.59,2.59,Outros créditos,88693282422.64,90615470966.93585
873,2022-10,0.59,2.59,Rural e agroindustrial,239437717523.31,244626886591.40808
874,2022-10,0.59,2.59,Veículos,137774497430.65,140760389410.55615
875,2022-11,0.41,2.64,Cartão de crédito,14646061562.49,14875697311.504637
876,2022-11,0.41,2.64,Empréstimo com consignação em folha,436224211337.25,443063775207.8062
877,2022-11,0.41,2.64,Empréstimo sem consignação em folha,118126277558.36,119978380672.20306
878,2022-11,0.41,2.64,Habitacional,827751376742.55,840729699043.406
879,2022-11,0.41,2.64,Outros créditos,88654316885.07,90044328826.12476
880,2022-11,0.41,2.64,Rural e agroindustrial,243273657395.88,247087947558.00162
881,2022-11,0.41,2.64,Veículos,138953145945.65,141131793741.92108
882,2022-12,0.62,2.57,Cartão de crédito,14561201434.36,14729123032.44982
883,2022-12,0.62,2.57,Empréstimo com consignação em folha,437655039555.93,442702132269.0956
884,2022-12,0.62,2.57,Empréstimo sem consignação em folha,117528173847.21,118883523463.24043
885,2022-12,0.62,2.57,Habitacional,835997350522.73,845638176640.7845
886,2022-12,0.62,2.57,Outros créditos,90868776987.79,91916687101.323
887,2022-12,0.62,2.57,Rural e agroindustrial,247371358234.96,250224075710.48672
888,2022-12,0.62,2.57,Veículos,139805330025.41,141417582595.7195
889,2023-01,0.53,2.61,Cartão de crédito,14638276463.8,14715853276.212706
890,2023-01,0.53,2.61,Empréstimo com consignação em folha,443806282388.39,446158272173.6333
891,2023-01,0.53,2.61,Empréstimo sem consignação em folha,118567136003.55,119195492797.52132
892,2023-01,0.53,2.61,Habitacional,842819488684.99,847286083473.8765
893,2023-01,0.53,2.61,Outros créditos,91822801829.99,92309424711.47403
894,2023-01,0.53,2.61,Rural e agroindustrial,249843626261.78,251167694172.02554
895,2023-01,0.53,2.61,Veículos,140550561009.26,141295420865.7383
896,2023-02,0.84,2.63,Cartão de crédito,14877373369.42,14877373369.42
897,2023-02,0.84,2.63,Empréstimo com consignação em folha,447076224634.97,447076224634.97
898,2023-02,0.84,2.63,Empréstimo sem consignação em folha,119334568611.84,119334568611.84
899,2023-02,0.84,2.63,Habitacional,849157660884.14,849157660884.14
900,2023-02,0.84,2.63,Outros créditos,92900165832.2,92900165832.2
901,2023-02,0.84,2.63,Rural e agroindustrial,252867922941.1,252867922941.1
902,2023-02,0.84,2.63,Veículos,140608885472.77,140608885472.77
903,2023-03,0.71,2.66,Cartão de crédito,18191322706.86,18039790022.859367
904,2023-03,0.71,2.66,Empréstimo com consignação em folha,448821948781.35,445083287462.809
905,2023-03,0.71,2.66,Empréstimo sem consignação em folha,120028827369.57,119028994061.02776
906,2023-03,0.71,2.66,Habitacional,858815334279.75,851661451367.4735
907,2023-03,0.71,2.66,Outros créditos,93972014663.91,93189233123.9179
908,2023-03,0.71,2.66,Rural e agroindustrial,260752517128.61002,258580463484.29095
909,2023-03,0.71,2.66,Veículos,141560652581.14,140381460392.6351
910,2023-04,0.61,2.7,Cartão de crédito,18043661971.49,17767206165.3979
911,2023-04,0.61,2.7,Empréstimo com consignação em folha,450862179117.85,443954298258.5537
912,2023-04,0.61,2.7,Empréstimo sem consignação em folha,120528495199.41,118681818934.35529
913,2023-04,0.61,2.7,Habitacional,866646927886.48,853368604704.375
914,2023-04,0.61,2.7,Outros créditos,94091217210.57,92649599464.61378
915,2023-04,0.61,2.7,Rural e agroindustrial,264894969250.92,260836383340.2708
916,2023-04,0.61,2.7,Veículos,141694010288.82,139523046772.94873
917,2023-05,0.23,2.73,Cartão de crédito,17104346278.46,16740164619.6053
918,2023-05,0.23,2.73,Empréstimo com consignação em folha,452445758627.04,442812391514.60785
919,2023-05,0.23,2.73,Empréstimo sem consignação em folha,121150564594.51,118571055686.83694
920,2023-05,0.23,2.73,Habitacional,874331527850.44,855715469626.5413
921,2023-05,0.23,2.73,Outros créditos,95291947954.67,93263014541.1007
922,2023-05,0.23,2.73,Rural e agroindustrial,265831073121.57,260171061355.64508
923,2023-05,0.23,2.73,Veículos,142234502981.9,139206079889.9544
924,2023-06,-0.08,2.69,Cartão de crédito,18445633397.38,18011480448.45948
925,2023-06,-0.08,2.69,Empréstimo com consignação em folha,449510144198.18,438930070829.64777
926,2023-06,-0.08,2.69,Empréstimo sem consignação em folha,119615652607.77,116800271471.32758
927,2023-06,-0.08,2.69,Habitacional,882793418185.85,862015201600.0507
928,2023-06,-0.08,2.69,Outros créditos,95749418927.62,93495774843.44572
929,2023-06,-0.08,2.69,Rural e agroindustrial,268352473337.25,262036289168.3707
930,2023-06,-0.08,2.69,Veículos,143506732501.06,140129029509.62283
931,2023-07,0.12,2.66,Cartão de crédito,18275662655.19,17859792164.36138
932,2023-07,0.12,2.66,Empréstimo com consignação em folha,445693841254.99,435551887990.7472
933,2023-07,0.12,2.66,Empréstimo sem consignação em folha,120036500141.09,117305018433.81259
934,2023-07,0.12,2.66,Habitacional,890737097455.58,870467995267.2162
935,2023-07,0.12,2.66,Outros créditos,95643405056.75,93466998621.81422
936,2023-07,0.12,2.66,Rural e agroindustrial,267944127577.74,261846944785.91626
937,2023-07,0.12,2.66,Veículos,144561280602.47,141271727065.98633
938,2023-08,0.23,2.62,Cartão de crédito,18559493182.38,18115430766.95381
939,2023-08,0.23,2.62,Empréstimo com consignação em folha,451847392703.55,441036297667.91315
940,2023-08,0.23,2.62,Empréstimo sem consignação em folha,123274359309.38,120324843974.17625
941,2023-08,0.23,2.62,Habitacional,898996630444.26,877486850449.0775
942,2023-08,0.23,2.62,Outros créditos,96286008676.47,93982228224.89964
943,2023-08,0.23,2.62,Rural e agroindustrial,275218419323.85,268633425064.91437
944,2023-08,0.23,2.62,Veículos,146897637144.73,143382901104.8031
