,data,valor,data_divida,porte,valor_deflacionado
0,2012-06,0.08,2012-06,Acima de 20 salários mínimos,452869064573.0126
1,2012-06,0.08,2012-06,Até 1 salário mínimo,58480064344.51903
2,2012-06,0.08,2012-06,Indisponível,7274014793.461304
3,2012-06,0.08,2012-06,Mais de 1 a 2 salários mínimos,55971345425.876236
4,2012-06,0.08,2012-06,Mais de 10 a 20 salários mínimos,81350124418.06808
5,2012-06,0.08,2012-06,Mais de 2 a 3 salários mínimos,44435996132.831055
6,2012-06,0.08,2012-06,Mais de 3 a 5 salários mínimos,76693247813.98376
7,2012-06,0.08,2012-06,Mais de 5 a 10 salários mínimos,107524429466.9355
8,2012-06,0.08,2012-06,Sem rendimento,130589846130.18768
9,2012-07,0.43,2012-07,Acima de 20 salários mínimos,193430322683.3997
10,2012-07,0.43,2012-07,Até 1 salário mínimo,78961426108.4391
11,2012-07,0.43,2012-07,Indisponível,6523011087.101156
12,2012-07,0.43,2012-07,Mais de 1 a 2 salários mínimos,93510925494.23267
13,2012-07,0.43,2012-07,Mais de 10 a 20 salários mínimos,151495291143.46005
14,2012-07,0.43,2012-07,Mais de 2 a 3 salários mínimos,101869328344.49762
15,2012-07,0.43,2012-07,Mais de 3 a 5 salários mínimos,149905009524.7319
16,2012-07,0.43,2012-07,Mais de 5 a 10 salários mínimos,185141656652.14383
17,2012-07,0.43,2012-07,Sem rendimento,82026925358.94597
18,2012-08,0.41,2012-08,Acima de 20 salários mínimos,203693133425.22653
19,2012-08,0.41,2012-08,Até 1 salário mínimo,66290188362.12315
20,2012-08,0.41,2012-08,Indisponível,5742051436.075229
21,2012-08,0.41,2012-08,Mais de 1 a 2 salários mínimos,97772047074.0688
22,2012-08,0.41,2012-08,Mais de 10 a 20 salários mínimos,155597686337.78687
23,2012-08,0.41,2012-08,Mais de 2 a 3 salários mínimos,105570894432.9942
24,2012-08,0.41,2012-08,Mais de 3 a 5 salários mínimos,154331125690.52985
25,2012-08,0.41,2012-08,Mais de 5 a 10 salários mínimos,190578356071.04852
26,2012-08,0.41,2012-08,Sem rendimento,83235192050.61198
27,2012-09,0.57,2012-09,Acima de 20 salários mínimos,201925888540.84018
28,2012-09,0.57,2012-09,Até 1 salário mínimo,46929296959.22159
29,2012-09,0.57,2012-09,Indisponível,5445735369.829275
30,2012-09,0.57,2012-09,Mais de 1 a 2 salários mínimos,95509528484.66873
31,2012-09,0.57,2012-09,Mais de 10 a 20 salários mínimos,156823741584.08902
32,2012-09,0.57,2012-09,Mais de 2 a 3 salários mínimos,116312925903.43613
33,2012-09,0.57,2012-09,Mais de 3 a 5 salários mínimos,161243306754.82376
34,2012-09,0.57,2012-09,Mais de 5 a 10 salários mínimos,193866955860.17706
35,2012-09,0.57,2012-09,Sem rendimento,72475492135.25758
36,2012-10,0.59,2012-10,Acima de 20 salários mínimos,197464615165.7808
37,2012-10,0.59,2012-10,Até 1 salário mínimo,48814112264.04917
38,2012-10,0.59,2012-10,Indisponível,5106767702.413977
39,2012-10,0.59,2012-10,Mais de 1 a 2 salários mínimos,98949497536.18613
40,2012-10,0.59,2012-10,Mais de 10 a 20 salários mínimos,161347025441.3358
41,2012-10,0.59,2012-10,Mais de 2 a 3 salários mínimos,118667515388.52225
42,2012-10,0.59,2012-10,Mais de 3 a 5 salários mínimos,161815104818.8736
43,2012-10,0.59,2012-10,Mais de 5 a 10 salários mínimos,197661800117.63623
44,2012-10,0.59,2012-10,Sem rendimento,69755092802.13629
45,2012-11,0.6,2012-11,Acima de 20 salários mínimos,190044053159.05368
46,2012-11,0.6,2012-11,Até 1 salário mínimo,48863033686.84016
47,2012-11,0.6,2012-11,Indisponível,4802383145.69574
48,2012-11,0.6,2012-11,Mais de 1 a 2 salários mínimos,101413031827.89127
49,2012-11,0.6,2012-11,Mais de 10 a 20 salários mínimos,164666210256.93967
50,2012-11,0.6,2012-11,Mais de 2 a 3 salários mínimos,120507857718.89713
51,2012-11,0.6,2012-11,Mais de 3 a 5 salários mínimos,165334090681.01324
52,2012-11,0.6,2012-11,Mais de 5 a 10 salários mínimos,202549359916.51593
53,2012-11,0.6,2012-11,Sem rendimento,72187169341.11356
54,2012-12,0.79,2012-12,Acima de 20 salários mínimos,193186397476.7413
55,2012-12,0.79,2012-12,Até 1 salário mínimo,50552818709.01321
56,2012-12,0.79,2012-12,Indisponível,4490336387.15011
57,2012-12,0.79,2012-12,Mais de 1 a 2 salários mínimos,103699517560.09607
58,2012-12,0.79,2012-12,Mais de 10 a 20 salários mínimos,164985023303.8839
59,2012-12,0.79,2012-12,Mais de 2 a 3 salários mínimos,121368458277.51317
60,2012-12,0.79,2012-12,Mais de 3 a 5 salários mínimos,166178057055.4266
61,2012-12,0.79,2012-12,Mais de 5 a 10 salários mínimos,204438657413.98502
62,2012-12,0.79,2012-12,Sem rendimento,70944047730.52322
63,2013-01,0.86,2013-01,Acima de 20 salários mínimos,193384634881.98587
64,2013-01,0.86,2013-01,Até 1 salário mínimo,53399636524.44414
65,2013-01,0.86,2013-01,Indisponível,4048685525.7652707
66,2013-01,0.86,2013-01,Mais de 1 a 2 salários mínimos,109070285195.04936
67,2013-01,0.86,2013-01,Mais de 10 a 20 salários mínimos,164764417042.72134
68,2013-01,0.86,2013-01,Mais de 2 a 3 salários mínimos,124036087974.04485
69,2013-01,0.86,2013-01,Mais de 3 a 5 salários mínimos,165688428038.72516
70,2013-01,0.86,2013-01,Mais de 5 a 10 salários mínimos,203436373230.04816
71,2013-01,0.86,2013-01,Sem rendimento,68578261801.419495
72,2013-02,0.6,2013-02,Acima de 20 salários mínimos,191749148918.9912
73,2013-02,0.6,2013-02,Até 1 salário mínimo,55488787552.65927
74,2013-02,0.6,2013-02,Indisponível,3816345333.886193
75,2013-02,0.6,2013-02,Mais de 1 a 2 salários mínimos,110622361063.6972
76,2013-02,0.6,2013-02,Mais de 10 a 20 salários mínimos,163837210814.1623
77,2013-02,0.6,2013-02,Mais de 2 a 3 salários mínimos,125380503401.20905
78,2013-02,0.6,2013-02,Mais de 3 a 5 salários mínimos,166789602398.0335
79,2013-02,0.6,2013-02,Mais de 5 a 10 salários mínimos,202667371196.2298
80,2013-02,0.6,2013-02,Sem rendimento,68487755598.8275
81,2013-03,0.47,2013-03,Acima de 20 salários mínimos,214245267854.88516
82,2013-03,0.47,2013-03,Até 1 salário mínimo,67100218688.52046
83,2013-03,0.47,2013-03,Indisponível,3548374733.5199018
84,2013-03,0.47,2013-03,Mais de 1 a 2 salários mínimos,90317381526.23973
85,2013-03,0.47,2013-03,Mais de 10 a 20 salários mínimos,175430814409.17264
86,2013-03,0.47,2013-03,Mais de 2 a 3 salários mínimos,112779358656.131
87,2013-03,0.47,2013-03,Mais de 3 a 5 salários mínimos,162452476229.37668
88,2013-03,0.47,2013-03,Mais de 5 a 10 salários mínimos,205369814511.22177
89,2013-03,0.47,2013-03,Sem rendimento,51733496367.00811
90,2013-04,0.55,2013-04,Acima de 20 salários mínimos,230269841196.71188
91,2013-04,0.55,2013-04,Até 1 salário mínimo,39915920141.44187
92,2013-04,0.55,2013-04,Indisponível,3335423069.910503
93,2013-04,0.55,2013-04,Mais de 1 a 2 salários mínimos,101175486021.42105
94,2013-04,0.55,2013-04,Mais de 10 a 20 salários mínimos,184461963690.58438
95,2013-04,0.55,2013-04,Mais de 2 a 3 salários mínimos,124366275005.31396
96,2013-04,0.55,2013-04,Mais de 3 a 5 salários mínimos,172652950838.85266
97,2013-04,0.55,2013-04,Mais de 5 a 10 salários mínimos,213535930796.06073
98,2013-04,0.55,2013-04,Sem rendimento,48082976311.02845
99,2013-05,0.37,2013-05,Acima de 20 salários mínimos,237210575443.72183
100,2013-05,0.37,2013-05,Até 1 salário mínimo,45644800536.75957
101,2013-05,0.37,2013-05,Indisponível,3114397916.706577
102,2013-05,0.37,2013-05,Mais de 1 a 2 salários mínimos,111378462002.2975
103,2013-05,0.37,2013-05,Mais de 10 a 20 salários mínimos,185616037311.53134
104,2013-05,0.37,2013-05,Mais de 2 a 3 salários mínimos,124916098502.40518
105,2013-05,0.37,2013-05,Mais de 3 a 5 salários mínimos,172803748738.1381
106,2013-05,0.37,2013-05,Mais de 5 a 10 salários mínimos,216389684936.0367
107,2013-05,0.37,2013-05,Sem rendimento,37082311999.504135
108,2013-06,0.26,2013-06,Acima de 20 salários mínimos,242681881260.02936
109,2013-06,0.26,2013-06,Até 1 salário mínimo,48398498111.82139
110,2013-06,0.26,2013-06,Indisponível,2930502424.572663
111,2013-06,0.26,2013-06,Mais de 1 a 2 salários mínimos,111385329495.26442
112,2013-06,0.26,2013-06,Mais de 10 a 20 salários mínimos,185182358597.1406
113,2013-06,0.26,2013-06,Mais de 2 a 3 salários mínimos,126042094934.42395
114,2013-06,0.26,2013-06,Mais de 3 a 5 salários mínimos,171959784254.9422
115,2013-06,0.26,2013-06,Mais de 5 a 10 salários mínimos,215910567942.76852
116,2013-06,0.26,2013-06,Sem rendimento,38860798685.03326
117,2013-07,0.03,2013-07,Acima de 20 salários mínimos,249914021102.6907
118,2013-07,0.03,2013-07,Até 1 salário mínimo,49858166985.47969
119,2013-07,0.03,2013-07,Indisponível,2755114767.7780843
120,2013-07,0.03,2013-07,Mais de 1 a 2 salários mínimos,111963495404.45915
121,2013-07,0.03,2013-07,Mais de 10 a 20 salários mínimos,191081926152.7093
122,2013-07,0.03,2013-07,Mais de 2 a 3 salários mínimos,127602800370.77307
123,2013-07,0.03,2013-07,Mais de 3 a 5 salários mínimos,175449339077.98795
124,2013-07,0.03,2013-07,Mais de 5 a 10 salários mínimos,220809743758.57935
125,2013-07,0.03,2013-07,Sem rendimento,40155210456.67151
126,2013-08,0.24,2013-08,Acima de 20 salários mínimos,256978040919.1098
127,2013-08,0.24,2013-08,Até 1 salário mínimo,48416183146.37339
128,2013-08,0.24,2013-08,Indisponível,2614158961.2499633
129,2013-08,0.24,2013-08,Mais de 1 a 2 salários mínimos,112368972730.8633
130,2013-08,0.24,2013-08,Mais de 10 a 20 salários mínimos,194259727175.53845
131,2013-08,0.24,2013-08,Mais de 2 a 3 salários mínimos,128381356860.19177
132,2013-08,0.24,2013-08,Mais de 3 a 5 salários mínimos,177433736424.19504
133,2013-08,0.24,2013-08,Mais de 5 a 10 salários mínimos,225377831720.12698
134,2013-08,0.24,2013-08,Sem rendimento,38846348859.34489
135,2013-09,0.35,2013-09,Acima de 20 salários mínimos,258301791808.84433
136,2013-09,0.35,2013-09,Até 1 salário mínimo,52891316430.00375
137,2013-09,0.35,2013-09,Indisponível,2463510186.026409
138,2013-09,0.35,2013-09,Mais de 1 a 2 salários mínimos,111081159495.64651
139,2013-09,0.35,2013-09,Mais de 10 a 20 salários mínimos,195347273982.01157
140,2013-09,0.35,2013-09,Mais de 2 a 3 salários mínimos,127947939738.77261
141,2013-09,0.35,2013-09,Mais de 3 a 5 salários mínimos,178293691671.64612
142,2013-09,0.35,2013-09,Mais de 5 a 10 salários mínimos,224259362886.31067
143,2013-09,0.35,2013-09,Sem rendimento,39454405900.46805
144,2013-10,0.57,2013-10,Acima de 20 salários mínimos,253366035475.35092
145,2013-10,0.57,2013-10,Até 1 salário mínimo,59989675621.19989
146,2013-10,0.57,2013-10,Indisponível,2305953546.5310564
147,2013-10,0.57,2013-10,Mais de 1 a 2 salários mínimos,112820280137.58473
148,2013-10,0.57,2013-10,Mais de 10 a 20 salários mínimos,196874758523.29224
149,2013-10,0.57,2013-10,Mais de 2 a 3 salários mínimos,129058156157.34534
150,2013-10,0.57,2013-10,Mais de 3 a 5 salários mínimos,179065594347.8308
151,2013-10,0.57,2013-10,Mais de 5 a 10 salários mínimos,227072349964.75784
152,2013-10,0.57,2013-10,Sem rendimento,39370803325.941986
153,2013-11,0.54,2013-11,Acima de 20 salários mínimos,245792484803.2106
154,2013-11,0.54,2013-11,Até 1 salário mínimo,63631425060.919525
155,2013-11,0.54,2013-11,Indisponível,2156357774.3284616
156,2013-11,0.54,2013-11,Mais de 1 a 2 salários mínimos,109909728989.46786
157,2013-11,0.54,2013-11,Mais de 10 a 20 salários mínimos,193703844022.5588
158,2013-11,0.54,2013-11,Mais de 2 a 3 salários mínimos,127042083904.18161
159,2013-11,0.54,2013-11,Mais de 3 a 5 salários mínimos,178132848574.109
160,2013-11,0.54,2013-11,Mais de 5 a 10 salários mínimos,226187070561.15985
161,2013-11,0.54,2013-11,Sem rendimento,51786757888.200905
162,2013-12,0.92,2013-12,Acima de 20 salários mínimos,243254674781.41425
163,2013-12,0.92,2013-12,Até 1 salário mínimo,72125518515.42677
164,2013-12,0.92,2013-12,Indisponível,1993536201.8726525
165,2013-12,0.92,2013-12,Mais de 1 a 2 salários mínimos,109583612713.17055
166,2013-12,0.92,2013-12,Mais de 10 a 20 salários mínimos,195410934942.5415
167,2013-12,0.92,2013-12,Mais de 2 a 3 salários mínimos,128854330495.10634
168,2013-12,0.92,2013-12,Mais de 3 a 5 salários mínimos,179238714408.09402
169,2013-12,0.92,2013-12,Mais de 5 a 10 salários mínimos,225965785440.7951
170,2013-12,0.92,2013-12,Sem rendimento,63180094009.529724
171,2014-01,0.55,2014-01,Acima de 20 salários mínimos,252581548060.70328
172,2014-01,0.55,2014-01,Até 1 salário mínimo,78253262567.7182
173,2014-01,0.55,2014-01,Indisponível,1876822046.3883014
174,2014-01,0.55,2014-01,Mais de 1 a 2 salários mínimos,111940113118.53474
175,2014-01,0.55,2014-01,Mais de 10 a 20 salários mínimos,199173751827.853
176,2014-01,0.55,2014-01,Mais de 2 a 3 salários mínimos,127418634544.52507
177,2014-01,0.55,2014-01,Mais de 3 a 5 salários mínimos,180154755895.94223
178,2014-01,0.55,2014-01,Mais de 5 a 10 salários mínimos,228650894435.08972
179,2014-01,0.55,2014-01,Sem rendimento,42398015722.3095
180,2014-02,0.69,2014-02,Acima de 20 salários mínimos,250053969701.56033
181,2014-02,0.69,2014-02,Até 1 salário mínimo,39474233731.979576
182,2014-02,0.69,2014-02,Indisponível,1779830911.8948197
183,2014-02,0.69,2014-02,Mais de 1 a 2 salários mínimos,130660655381.79523
184,2014-02,0.69,2014-02,Mais de 10 a 20 salários mínimos,200513236852.45493
185,2014-02,0.69,2014-02,Mais de 2 a 3 salários mínimos,141857634758.2272
186,2014-02,0.69,2014-02,Mais de 3 a 5 salários mínimos,183704442347.9477
187,2014-02,0.69,2014-02,Mais de 5 a 10 salários mínimos,244402670818.02103
188,2014-02,0.69,2014-02,Sem rendimento,41537138399.86692
189,2014-03,0.92,2014-03,Acima de 20 salários mínimos,245217341996.56885
190,2014-03,0.92,2014-03,Até 1 salário mínimo,60926480269.230835
191,2014-03,0.92,2014-03,Indisponível,1684613157.4351554
192,2014-03,0.92,2014-03,Mais de 1 a 2 salários mínimos,132104565783.59363
193,2014-03,0.92,2014-03,Mais de 10 a 20 salários mínimos,201266316321.37164
194,2014-03,0.92,2014-03,Mais de 2 a 3 salários mínimos,141717260873.27518
195,2014-03,0.92,2014-03,Mais de 3 a 5 salários mínimos,182680554081.37454
196,2014-03,0.92,2014-03,Mais de 5 a 10 salários mínimos,245256904121.01746
197,2014-03,0.92,2014-03,Sem rendimento,27541903110.732483
198,2014-04,0.67,2014-04,Acima de 20 salários mínimos,248434102689.01
199,2014-04,0.67,2014-04,Até 1 salário mínimo,67583367898.13823
200,2014-04,0.67,2014-04,Indisponível,1589818809.6426601
201,2014-04,0.67,2014-04,Mais de 1 a 2 salários mínimos,131859769275.07982
202,2014-04,0.67,2014-04,Mais de 10 a 20 salários mínimos,201809962343.26562
203,2014-04,0.67,2014-04,Mais de 2 a 3 salários mínimos,142748541088.0456
204,2014-04,0.67,2014-04,Mais de 3 a 5 salários mínimos,182711449247.8532
205,2014-04,0.67,2014-04,Mais de 5 a 10 salários mínimos,246684934604.90753
206,2014-04,0.67,2014-04,Sem rendimento,27603452369.97736
207,2014-05,0.46,2014-05,Acima de 20 salários mínimos,259123106056.00327
208,2014-05,0.46,2014-05,Até 1 salário mínimo,61812921349.00323
209,2014-05,0.46,2014-05,Indisponível,1501924644.0210903
210,2014-05,0.46,2014-05,Mais de 1 a 2 salários mínimos,130125295993.45255
211,2014-05,0.46,2014-05,Mais de 10 a 20 salários mínimos,205563128784.9975
212,2014-05,0.46,2014-05,Mais de 2 a 3 salários mínimos,144042820544.21548
213,2014-05,0.46,2014-05,Mais de 3 a 5 salários mínimos,184001878327.24246
214,2014-05,0.46,2014-05,Mais de 5 a 10 salários mínimos,249844894584.5882
215,2014-05,0.46,2014-05,Sem rendimento,26955050372.122887
216,2014-06,0.4,2014-06,Acima de 20 salários mínimos,265452422840.75873
217,2014-06,0.4,2014-06,Até 1 salário mínimo,65341382625.9765
218,2014-06,0.4,2014-06,Indisponível,1426688585.025159
219,2014-06,0.4,2014-06,Mais de 1 a 2 salários mínimos,129623429926.31964
220,2014-06,0.4,2014-06,Mais de 10 a 20 salários mínimos,208481509394.40045
221,2014-06,0.4,2014-06,Mais de 2 a 3 salários mínimos,145174757296.49725
222,2014-06,0.4,2014-06,Mais de 3 a 5 salários mínimos,184763016449.1279
223,2014-06,0.4,2014-06,Mais de 5 a 10 salários mínimos,250506300014.13498
224,2014-06,0.4,2014-06,Sem rendimento,25327631749.719566
225,2014-07,0.01,2014-07,Acima de 20 salários mínimos,273139193185.23264
226,2014-07,0.01,2014-07,Até 1 salário mínimo,56770352732.6427
227,2014-07,0.01,2014-07,Indisponível,1361357909.3364432
228,2014-07,0.01,2014-07,Mais de 1 a 2 salários mínimos,128464542111.77396
229,2014-07,0.01,2014-07,Mais de 10 a 20 salários mínimos,213941059167.66934
230,2014-07,0.01,2014-07,Mais de 2 a 3 salários mínimos,146515987947.0145
231,2014-07,0.01,2014-07,Mais de 3 a 5 salários mínimos,185968260443.21548
232,2014-07,0.01,2014-07,Mais de 5 a 10 salários mínimos,254940612400.33795
233,2014-07,0.01,2014-07,Sem rendimento,26556782243.88984
234,2014-08,0.25,2014-08,Acima de 20 salários mínimos,269885386215.12872
235,2014-08,0.25,2014-08,Até 1 salário mínimo,36818292103.49937
236,2014-08,0.25,2014-08,Indisponível,1312683809.852798
237,2014-08,0.25,2014-08,Mais de 1 a 2 salários mínimos,129739353337.20352
238,2014-08,0.25,2014-08,Mais de 10 a 20 salários mínimos,214609626066.39807
239,2014-08,0.25,2014-08,Mais de 2 a 3 salários mínimos,148009915914.01468
240,2014-08,0.25,2014-08,Mais de 3 a 5 salários mínimos,187253618290.0739
241,2014-08,0.25,2014-08,Mais de 5 a 10 salários mínimos,256663050892.913
242,2014-08,0.25,2014-08,Sem rendimento,55193561005.56479
243,2014-09,0.57,2014-09,Acima de 20 salários mínimos,272991055290.73306
244,2014-09,0.57,2014-09,Até 1 salário mínimo,65802177819.75344
245,2014-09,0.57,2014-09,Indisponível,1260637760.539235
246,2014-09,0.57,2014-09,Mais de 1 a 2 salários mínimos,128667214019.83357
247,2014-09,0.57,2014-09,Mais de 10 a 20 salários mínimos,215978872691.15723
248,2014-09,0.57,2014-09,Mais de 2 a 3 salários mínimos,148552183700.19263
249,2014-09,0.57,2014-09,Mais de 3 a 5 salários mínimos,186988766131.0095
250,2014-09,0.57,2014-09,Mais de 5 a 10 salários mínimos,256277628075.12262
251,2014-09,0.57,2014-09,Sem rendimento,28040631303.349483
252,2014-10,0.42,2014-10,Acima de 20 salários mínimos,274341623986.08087
253,2014-10,0.42,2014-10,Até 1 salário mínimo,69418652067.51878
254,2014-10,0.42,2014-10,Indisponível,1202361785.4427993
255,2014-10,0.42,2014-10,Mais de 1 a 2 salários mínimos,129943744049.34454
256,2014-10,0.42,2014-10,Mais de 10 a 20 salários mínimos,218369082064.51453
257,2014-10,0.42,2014-10,Mais de 2 a 3 salários mínimos,150185714296.44574
258,2014-10,0.42,2014-10,Mais de 3 a 5 salários mínimos,188386209885.85385
259,2014-10,0.42,2014-10,Mais de 5 a 10 salários mínimos,259046751052.49115
260,2014-10,0.42,2014-10,Sem rendimento,28421393800.507206
261,2014-11,0.51,2014-11,Acima de 20 salários mínimos,275965108097.07385
262,2014-11,0.51,2014-11,Até 1 salário mínimo,75785233344.50076
263,2014-11,0.51,2014-11,Indisponível,1145702641.1865234
264,2014-11,0.51,2014-11,Mais de 1 a 2 salários mínimos,148350291034.28986
265,2014-11,0.51,2014-11,Mais de 10 a 20 salários mínimos,217928556599.9325
266,2014-11,0.51,2014-11,Mais de 2 a 3 salários mínimos,147586337823.20386
267,2014-11,0.51,2014-11,Mais de 3 a 5 salários mínimos,179592795836.99527
268,2014-11,0.51,2014-11,Mais de 5 a 10 salários mínimos,254122697038.4899
269,2014-11,0.51,2014-11,Sem rendimento,29200026886.254173
270,2014-12,0.78,2014-12,Acima de 20 salários mínimos,287349328031.20264
271,2014-12,0.78,2014-12,Até 1 salário mínimo,76912781660.0315
272,2014-12,0.78,2014-12,Indisponível,1093971679.7087753
273,2014-12,0.78,2014-12,Mais de 1 a 2 salários mínimos,130947905982.06105
274,2014-12,0.78,2014-12,Mais de 10 a 20 salários mínimos,221600146812.48413
275,2014-12,0.78,2014-12,Mais de 2 a 3 salários mínimos,151125339722.35754
276,2014-12,0.78,2014-12,Mais de 3 a 5 salários mínimos,186862795826.11606
277,2014-12,0.78,2014-12,Mais de 5 a 10 salários mínimos,260859843323.1069
278,2014-12,0.78,2014-12,Sem rendimento,28978407208.879875
279,2015-01,1.24,2015-01,Acima de 20 salários mínimos,277853369909.37115
280,2015-01,1.24,2015-01,Até 1 salário mínimo,84162695053.08797
281,2015-01,1.24,2015-01,Indisponível,1050154379.0562289
282,2015-01,1.24,2015-01,Mais de 1 a 2 salários mínimos,135261794016.34851
283,2015-01,1.24,2015-01,Mais de 10 a 20 salários mínimos,219031188719.7766
284,2015-01,1.24,2015-01,Mais de 2 a 3 salários mínimos,152599941555.76324
285,2015-01,1.24,2015-01,Mais de 3 a 5 salários mínimos,188972891134.58466
286,2015-01,1.24,2015-01,Mais de 5 a 10 salários mínimos,260554622979.55322
287,2015-01,1.24,2015-01,Sem rendimento,29603626950.38543
288,2015-02,1.22,2015-02,Acima de 20 salários mínimos,267865625991.3034
289,2015-02,1.22,2015-02,Até 1 salário mínimo,88884158230.47243
290,2015-02,1.22,2015-02,Indisponível,1010776256.6833367
291,2015-02,1.22,2015-02,Mais de 1 a 2 salários mínimos,135341436442.4557
292,2015-02,1.22,2015-02,Mais de 10 a 20 salários mínimos,218744765443.88943
293,2015-02,1.22,2015-02,Mais de 2 a 3 salários mínimos,152487820293.30786
294,2015-02,1.22,2015-02,Mais de 3 a 5 salários mínimos,188074185742.46896
295,2015-02,1.22,2015-02,Mais de 5 a 10 salários mínimos,259555629188.38208
296,2015-02,1.22,2015-02,Sem rendimento,29938678023.563004
297,2015-03,1.32,2015-03,Acima de 20 salários mínimos,268120181912.47482
298,2015-03,1.32,2015-03,Até 1 salário mínimo,92540428584.55518
299,2015-03,1.32,2015-03,Indisponível,979089316.0594095
300,2015-03,1.32,2015-03,Mais de 1 a 2 salários mínimos,135258572661.59593
301,2015-03,1.32,2015-03,Mais de 10 a 20 salários mínimos,217815352646.2564
302,2015-03,1.32,2015-03,Mais de 2 a 3 salários mínimos,152107627322.44125
303,2015-03,1.32,2015-03,Mais de 3 a 5 salários mínimos,186529013728.7735
304,2015-03,1.32,2015-03,Mais de 5 a 10 salários mínimos,258296799961.59933
305,2015-03,1.32,2015-03,Sem rendimento,28184618226.49048
306,2015-04,0.71,2015-04,Acima de 20 salários mínimos,270276652253.6567
307,2015-04,0.71,2015-04,Até 1 salário mínimo,72455037794.75764
308,2015-04,0.71,2015-04,Indisponível,946913461.938556
309,2015-04,0.71,2015-04,Mais de 1 a 2 salários mínimos,136804036814.87964
310,2015-04,0.71,2015-04,Mais de 10 a 20 salários mínimos,222763651651.55307
311,2015-04,0.71,2015-04,Mais de 2 a 3 salários mínimos,157712786682.6393
312,2015-04,0.71,2015-04,Mais de 3 a 5 salários mínimos,189856049045.92245
313,2015-04,0.71,2015-04,Mais de 5 a 10 salários mínimos,262589746987.20956
314,2015-04,0.71,2015-04,Sem rendimento,27635884454.732986
315,2015-05,0.74,2015-05,Acima de 20 salários mínimos,272819722029.16208
316,2015-05,0.74,2015-05,Até 1 salário mínimo,65025842932.12722
317,2015-05,0.74,2015-05,Indisponível,916093492.436671
318,2015-05,0.74,2015-05,Mais de 1 a 2 salários mínimos,135603473029.1467
319,2015-05,0.74,2015-05,Mais de 10 a 20 salários mínimos,224903256902.02188
320,2015-05,0.74,2015-05,Mais de 2 a 3 salários mínimos,158474671479.63852
321,2015-05,0.74,2015-05,Mais de 3 a 5 salários mínimos,191041140902.57898
322,2015-05,0.74,2015-05,Mais de 5 a 10 salários mínimos,263251729392.76297
323,2015-05,0.74,2015-05,Sem rendimento,27145250155.603493
324,2015-06,0.79,2015-06,Acima de 20 salários mínimos,274032401296.41132
325,2015-06,0.79,2015-06,Até 1 salário mínimo,66819855956.48964
326,2015-06,0.79,2015-06,Indisponível,888566922.0615269
327,2015-06,0.79,2015-06,Mais de 1 a 2 salários mínimos,134079811496.5971
328,2015-06,0.79,2015-06,Mais de 10 a 20 salários mínimos,225294299473.57248
329,2015-06,0.79,2015-06,Mais de 2 a 3 salários mínimos,158198158394.64062
330,2015-06,0.79,2015-06,Mais de 3 a 5 salários mínimos,190244670834.73102
331,2015-06,0.79,2015-06,Mais de 5 a 10 salários mínimos,263443019891.92596
332,2015-06,0.79,2015-06,Sem rendimento,27613217756.111336
333,2015-07,0.62,2015-07,Acima de 20 salários mínimos,271132085169.2381
334,2015-07,0.62,2015-07,Até 1 salário mínimo,71447931508.14699
335,2015-07,0.62,2015-07,Indisponível,869593567.6361674
336,2015-07,0.62,2015-07,Mais de 1 a 2 salários mínimos,139892858928.1471
337,2015-07,0.62,2015-07,Mais de 10 a 20 salários mínimos,222502728772.03644
338,2015-07,0.62,2015-07,Mais de 2 a 3 salários mínimos,158840597038.97858
339,2015-07,0.62,2015-07,Mais de 3 a 5 salários mínimos,184667009816.5594
340,2015-07,0.62,2015-07,Mais de 5 a 10 salários mínimos,261888343984.94818
341,2015-07,0.62,2015-07,Sem rendimento,32667947353.25569
342,2015-08,0.22,2015-08,Acima de 20 salários mínimos,280978724604.4748
343,2015-08,0.22,2015-08,Até 1 salário mínimo,71346892106.9913
344,2015-08,0.22,2015-08,Indisponível,856158888.1031543
345,2015-08,0.22,2015-08,Mais de 1 a 2 salários mínimos,131349553623.68196
346,2015-08,0.22,2015-08,Mais de 10 a 20 salários mínimos,224806595538.18643
347,2015-08,0.22,2015-08,Mais de 2 a 3 salários mínimos,156225481377.54562
348,2015-08,0.22,2015-08,Mais de 3 a 5 salários mínimos,188665818411.4723
349,2015-08,0.22,2015-08,Mais de 5 a 10 salários mínimos,260695041136.563
350,2015-08,0.22,2015-08,Sem rendimento,28468549854.23317
351,2015-09,0.54,2015-09,Acima de 20 salários mínimos,283352270998.22516
352,2015-09,0.54,2015-09,Até 1 salário mínimo,74665523742.02826
353,2015-09,0.54,2015-09,Indisponível,845000772.9841726
354,2015-09,0.54,2015-09,Mais de 1 a 2 salários mínimos,130988479724.84615
355,2015-09,0.54,2015-09,Mais de 10 a 20 salários mínimos,224661638688.58282
356,2015-09,0.54,2015-09,Mais de 2 a 3 salários mínimos,156536573889.26266
357,2015-09,0.54,2015-09,Mais de 3 a 5 salários mínimos,188069501876.66052
358,2015-09,0.54,2015-09,Mais de 5 a 10 salários mínimos,259601448578.16287
359,2015-09,0.54,2015-09,Sem rendimento,29617941457.78713
360,2015-10,0.82,2015-10,Acima de 20 salários mínimos,279877127671.16974
361,2015-10,0.82,2015-10,Até 1 salário mínimo,74723693785.89
362,2015-10,0.82,2015-10,Indisponível,826077946.3727634
363,2015-10,0.82,2015-10,Mais de 1 a 2 salários mínimos,130982346840.02817
364,2015-10,0.82,2015-10,Mais de 10 a 20 salários mínimos,224333026672.502
365,2015-10,0.82,2015-10,Mais de 2 a 3 salários mínimos,156455392880.86072
366,2015-10,0.82,2015-10,Mais de 3 a 5 salários mínimos,187114335063.96295
367,2015-10,0.82,2015-10,Mais de 5 a 10 salários mínimos,258782203455.01797
368,2015-10,0.82,2015-10,Sem rendimento,29151091422.181133
369,2015-11,1.01,2015-11,Acima de 20 salários mínimos,279266913415.4741
370,2015-11,1.01,2015-11,Até 1 salário mínimo,75800119225.73364
371,2015-11,1.01,2015-11,Indisponível,802719189.0087959
372,2015-11,1.01,2015-11,Mais de 1 a 2 salários mínimos,130529368400.78746
373,2015-11,1.01,2015-11,Mais de 10 a 20 salários mínimos,223412138133.10495
374,2015-11,1.01,2015-11,Mais de 2 a 3 salários mínimos,155228354846.07217
375,2015-11,1.01,2015-11,Mais de 3 a 5 salários mínimos,185475019930.93936
376,2015-11,1.01,2015-11,Mais de 5 a 10 salários mínimos,257323084431.2229
377,2015-11,1.01,2015-11,Sem rendimento,29258764837.584633
378,2015-12,0.96,2015-12,Acima de 20 salários mínimos,278579134006.5736
379,2015-12,0.96,2015-12,Até 1 salário mínimo,79499560720.16508
380,2015-12,0.96,2015-12,Indisponível,775309268.5672091
381,2015-12,0.96,2015-12,Mais de 1 a 2 salários mínimos,129056525454.95468
382,2015-12,0.96,2015-12,Mais de 10 a 20 salários mínimos,221878822653.0015
383,2015-12,0.96,2015-12,Mais de 2 a 3 salários mínimos,154003713250.37897
384,2015-12,0.96,2015-12,Mais de 3 a 5 salários mínimos,182962652457.78827
385,2015-12,0.96,2015-12,Mais de 5 a 10 salários mínimos,254904065883.72333
386,2015-12,0.96,2015-12,Sem rendimento,30229888385.03038
387,2016-01,1.27,2016-01,Acima de 20 salários mínimos,261390270026.47507
388,2016-01,1.27,2016-01,Até 1 salário mínimo,88483249528.45845
389,2016-01,1.27,2016-01,Indisponível,751412001.2175112
390,2016-01,1.27,2016-01,Mais de 1 a 2 salários mínimos,137636287599.71896
391,2016-01,1.27,2016-01,Mais de 10 a 20 salários mínimos,215746486172.91772
392,2016-01,1.27,2016-01,Mais de 2 a 3 salários mínimos,152087666613.947
393,2016-01,1.27,2016-01,Mais de 3 a 5 salários mínimos,186646292774.56384
394,2016-01,1.27,2016-01,Mais de 5 a 10 salários mínimos,250692670515.79138
395,2016-01,1.27,2016-01,Sem rendimento,28497111160.399467
396,2016-02,0.9,2016-02,Acima de 20 salários mínimos,255639005849.85645
397,2016-02,0.9,2016-02,Até 1 salário mínimo,88888954820.83676
398,2016-02,0.9,2016-02,Indisponível,249398369.49882892
399,2016-02,0.9,2016-02,Mais de 1 a 2 salários mínimos,137301868224.04681
400,2016-02,0.9,2016-02,Mais de 10 a 20 salários mínimos,213485474433.18924
401,2016-02,0.9,2016-02,Mais de 2 a 3 salários mínimos,151952302234.44296
402,2016-02,0.9,2016-02,Mais de 3 a 5 salários mínimos,185701348366.82318
403,2016-02,0.9,2016-02,Mais de 5 a 10 salários mínimos,249565490910.12177
404,2016-02,0.9,2016-02,Sem rendimento,26810059878.593025
405,2016-03,0.43,2016-03,Acima de 20 salários mínimos,251906836057.0695
406,2016-03,0.43,2016-03,Até 1 salário mínimo,93535423104.99318
407,2016-03,0.43,2016-03,Indisponível,241398136.03427368
408,2016-03,0.43,2016-03,Mais de 1 a 2 salários mínimos,136365641851.82806
409,2016-03,0.43,2016-03,Mais de 10 a 20 salários mínimos,210855486398.04913
410,2016-03,0.43,2016-03,Mais de 2 a 3 salários mínimos,151854753421.9231
411,2016-03,0.43,2016-03,Mais de 3 a 5 salários mínimos,186543332765.27017
412,2016-03,0.43,2016-03,Mais de 5 a 10 salários mínimos,250550239451.7189
413,2016-03,0.43,2016-03,Sem rendimento,24714135363.98832
414,2016-04,0.61,2016-04,Acima de 20 salários mínimos,241026536537.95316
415,2016-04,0.61,2016-04,Até 1 salário mínimo,68537712039.8178
416,2016-04,0.61,2016-04,Indisponível,233185279.96589437
417,2016-04,0.61,2016-04,Mais de 1 a 2 salários mínimos,169206289672.1617
418,2016-04,0.61,2016-04,Mais de 10 a 20 salários mínimos,205657582650.6143
419,2016-04,0.61,2016-04,Mais de 2 a 3 salários mínimos,158214568695.76407
420,2016-04,0.61,2016-04,Mais de 3 a 5 salários mínimos,184675738660.14493
421,2016-04,0.61,2016-04,Mais de 5 a 10 salários mínimos,253855936320.32086
422,2016-04,0.61,2016-04,Sem rendimento,23131439837.76378
423,2016-05,0.78,2016-05,Acima de 20 salários mínimos,242852600943.6397
424,2016-05,0.78,2016-05,Até 1 salário mínimo,67565260911.263306
425,2016-05,0.78,2016-05,Indisponível,221016145.20568097
426,2016-05,0.78,2016-05,Mais de 1 a 2 salários mínimos,167688640317.18326
427,2016-05,0.78,2016-05,Mais de 10 a 20 salários mínimos,204655660849.33887
428,2016-05,0.78,2016-05,Mais de 2 a 3 salários mínimos,161339757451.39206
429,2016-05,0.78,2016-05,Mais de 3 a 5 salários mínimos,182985700418.2972
430,2016-05,0.78,2016-05,Mais de 5 a 10 salários mínimos,252209456659.30917
431,2016-05,0.78,2016-05,Sem rendimento,23500447378.422073
432,2016-06,0.35,2016-06,Acima de 20 salários mínimos,245120802167.77142
433,2016-06,0.35,2016-06,Até 1 salário mínimo,79452150098.61868
434,2016-06,0.35,2016-06,Indisponível,210465329.73796323
435,2016-06,0.35,2016-06,Mais de 1 a 2 salários mínimos,167925666028.5987
436,2016-06,0.35,2016-06,Mais de 10 a 20 salários mínimos,204601406908.51416
437,2016-06,0.35,2016-06,Mais de 2 a 3 salários mínimos,155343733657.38867
438,2016-06,0.35,2016-06,Mais de 3 a 5 salários mínimos,182009920883.04025
439,2016-06,0.35,2016-06,Mais de 5 a 10 salários mínimos,252394217682.98224
440,2016-06,0.35,2016-06,Sem rendimento,18808867132.1649
441,2016-07,0.52,2016-07,Acima de 20 salários mínimos,241136602632.46484
442,2016-07,0.52,2016-07,Até 1 salário mínimo,78958824130.62808
443,2016-07,0.52,2016-07,Indisponível,202153693.97640285
444,2016-07,0.52,2016-07,Mais de 1 a 2 salários mínimos,167168797102.4805
445,2016-07,0.52,2016-07,Mais de 10 a 20 salários mínimos,203833332206.75763
446,2016-07,0.52,2016-07,Mais de 2 a 3 salários mínimos,155449348765.82794
447,2016-07,0.52,2016-07,Mais de 3 a 5 salários mínimos,182126027839.20972
448,2016-07,0.52,2016-07,Mais de 5 a 10 salários mínimos,252154861708.7002
449,2016-07,0.52,2016-07,Sem rendimento,24259037657.087357
450,2016-08,0.44,2016-08,Acima de 20 salários mínimos,243395711399.77133
451,2016-08,0.44,2016-08,Até 1 salário mínimo,83725991907.21036
452,2016-08,0.44,2016-08,Indisponível,196711706.70091105
453,2016-08,0.44,2016-08,Mais de 1 a 2 salários mínimos,165894417357.97366
454,2016-08,0.44,2016-08,Mais de 10 a 20 salários mínimos,205503325804.37488
455,2016-08,0.44,2016-08,Mais de 2 a 3 salários mínimos,155664231987.37186
456,2016-08,0.44,2016-08,Mais de 3 a 5 salários mínimos,181681164348.76587
457,2016-08,0.44,2016-08,Mais de 5 a 10 salários mínimos,253532771907.51297
458,2016-08,0.44,2016-08,Sem rendimento,12002521209.713793
459,2016-09,0.08,2016-09,Acima de 20 salários mínimos,241113738688.05865
460,2016-09,0.08,2016-09,Até 1 salário mínimo,82681590676.92989
461,2016-09,0.08,2016-09,Indisponível,198115669.867681
462,2016-09,0.08,2016-09,Mais de 1 a 2 salários mínimos,164573407140.306
463,2016-09,0.08,2016-09,Mais de 10 a 20 salários mínimos,205639099148.2124
464,2016-09,0.08,2016-09,Mais de 2 a 3 salários mínimos,157575227807.25958
465,2016-09,0.08,2016-09,Mais de 3 a 5 salários mínimos,180477484705.76205
466,2016-09,0.08,2016-09,Mais de 5 a 10 salários mínimos,253132230517.0778
467,2016-09,0.08,2016-09,Sem rendimento,12036225191.633179
468,2016-10,0.26,2016-10,Acima de 20 salários mínimos,237501343662.3011
469,2016-10,0.26,2016-10,Até 1 salário mínimo,89196844368.96724
470,2016-10,0.26,2016-10,Indisponível,187923394.91984433
471,2016-10,0.26,2016-10,Mais de 1 a 2 salários mínimos,163508268610.10995
472,2016-10,0.26,2016-10,Mais de 10 a 20 salários mínimos,203061267232.12155
473,2016-10,0.26,2016-10,Mais de 2 a 3 salários mínimos,152998930993.60132
474,2016-10,0.26,2016-10,Mais de 3 a 5 salários mínimos,178697137557.277
475,2016-10,0.26,2016-10,Mais de 5 a 10 salários mínimos,249692026907.07724
476,2016-10,0.26,2016-10,Sem rendimento,11598709184.432674
477,2016-11,0.18,2016-11,Acima de 20 salários mínimos,237160458208.94794
478,2016-11,0.18,2016-11,Até 1 salário mínimo,91817312601.25328
479,2016-11,0.18,2016-11,Indisponível,176815363.1579667
480,2016-11,0.18,2016-11,Mais de 1 a 2 salários mínimos,164878422839.1754
481,2016-11,0.18,2016-11,Mais de 10 a 20 salários mínimos,203532837616.51532
482,2016-11,0.18,2016-11,Mais de 2 a 3 salários mínimos,153414446976.1488
483,2016-11,0.18,2016-11,Mais de 3 a 5 salários mínimos,178135177792.608
484,2016-11,0.18,2016-11,Mais de 5 a 10 salários mínimos,248832069023.6036
485,2016-11,0.18,2016-11,Sem rendimento,11853483993.521578
486,2016-12,0.3,2016-12,Acima de 20 salários mínimos,237706025932.56876
487,2016-12,0.3,2016-12,Até 1 salário mínimo,76994125083.38068
488,2016-12,0.3,2016-12,Indisponível,171606080.75482792
489,2016-12,0.3,2016-12,Mais de 1 a 2 salários mínimos,165430778769.9729
490,2016-12,0.3,2016-12,Mais de 10 a 20 salários mínimos,203122847197.6343
491,2016-12,0.3,2016-12,Mais de 2 a 3 salários mínimos,155682831109.67004
492,2016-12,0.3,2016-12,Mais de 3 a 5 salários mínimos,177299459792.8092
493,2016-12,0.3,2016-12,Mais de 5 a 10 salários mínimos,246303826111.38135
494,2016-12,0.3,2016-12,Sem rendimento,34642791553.7875
495,2017-01,0.38,2017-01,Acima de 20 salários mínimos,228515690429.16028
496,2017-01,0.38,2017-01,Até 1 salário mínimo,107048858310.42027
497,2017-01,0.38,2017-01,Indisponível,163100521.48044223
498,2017-01,0.38,2017-01,Mais de 1 a 2 salários mínimos,172412424528.97293
499,2017-01,0.38,2017-01,Mais de 10 a 20 salários mínimos,198676895425.04498
500,2017-01,0.38,2017-01,Mais de 2 a 3 salários mínimos,153898749081.2427
501,2017-01,0.38,2017-01,Mais de 3 a 5 salários mínimos,179621061845.85168
502,2017-01,0.38,2017-01,Mais de 5 a 10 salários mínimos,245206892667.5772
503,2017-01,0.38,2017-01,Sem rendimento,12049323730.056162
504,2017-02,0.33,2017-02,Acima de 20 salários mínimos,224898356785.94495
505,2017-02,0.33,2017-02,Até 1 salário mínimo,116694741429.58902
506,2017-02,0.33,2017-02,Indisponível,158089371.34141567
507,2017-02,0.33,2017-02,Mais de 1 a 2 salários mínimos,182048091995.47906
508,2017-02,0.33,2017-02,Mais de 10 a 20 salários mínimos,194348280718.25336
509,2017-02,0.33,2017-02,Mais de 2 a 3 salários mínimos,148744630964.34717
510,2017-02,0.33,2017-02,Mais de 3 a 5 salários mínimos,177823139640.01123
511,2017-02,0.33,2017-02,Mais de 5 a 10 salários mínimos,243276909057.48953
512,2017-02,0.33,2017-02,Sem rendimento,12095771370.512383
513,2017-03,0.25,2017-03,Acima de 20 salários mínimos,234635127343.78125
514,2017-03,0.25,2017-03,Até 1 salário mínimo,70499566950.38397
515,2017-03,0.25,2017-03,Indisponível,145543839.59231848
516,2017-03,0.25,2017-03,Mais de 1 a 2 salários mínimos,183107302747.0472
517,2017-03,0.25,2017-03,Mais de 10 a 20 salários mínimos,200800112733.06967
518,2017-03,0.25,2017-03,Mais de 2 a 3 salários mínimos,157784000431.4401
519,2017-03,0.25,2017-03,Mais de 3 a 5 salários mínimos,192164650969.50412
520,2017-03,0.25,2017-03,Mais de 5 a 10 salários mínimos,252868310161.07352
521,2017-03,0.25,2017-03,Sem rendimento,12678764905.298513
522,2017-04,0.14,2017-04,Acima de 20 salários mínimos,237381253571.7231
523,2017-04,0.14,2017-04,Até 1 salário mínimo,71035902492.90689
524,2017-04,0.14,2017-04,Indisponível,133150785.44559671
525,2017-04,0.14,2017-04,Mais de 1 a 2 salários mínimos,183611732822.06354
526,2017-04,0.14,2017-04,Mais de 10 a 20 salários mínimos,200502756258.04022
527,2017-04,0.14,2017-04,Mais de 2 a 3 salários mínimos,158150537371.50427
528,2017-04,0.14,2017-04,Mais de 3 a 5 salários mínimos,192218721658.77786
529,2017-04,0.14,2017-04,Mais de 5 a 10 salários mínimos,252577461062.1577
530,2017-04,0.14,2017-04,Sem rendimento,12629205311.965092
531,2017-05,0.31,2017-05,Acima de 20 salários mínimos,240284629561.23407
532,2017-05,0.31,2017-05,Até 1 salário mínimo,73197533558.69765
533,2017-05,0.31,2017-05,Indisponível,123222787.35093124
534,2017-05,0.31,2017-05,Mais de 1 a 2 salários mínimos,184192966856.21063
535,2017-05,0.31,2017-05,Mais de 10 a 20 salários mínimos,201565993311.72867
536,2017-05,0.31,2017-05,Mais de 2 a 3 salários mínimos,158407271782.57245
537,2017-05,0.31,2017-05,Mais de 3 a 5 salários mínimos,192938135471.49945
538,2017-05,0.31,2017-05,Mais de 5 a 10 salários mínimos,253399878353.90735
539,2017-05,0.31,2017-05,Sem rendimento,12395215594.8494
540,2017-06,-0.23,2017-06,Acima de 20 salários mínimos,233126553809.16855
541,2017-06,-0.23,2017-06,Até 1 salário mínimo,77534445058.48251
542,2017-06,-0.23,2017-06,Indisponível,115483623.87966974
543,2017-06,-0.23,2017-06,Mais de 1 a 2 salários mínimos,186725117689.13187
544,2017-06,-0.23,2017-06,Mais de 10 a 20 salários mínimos,200778132462.26544
545,2017-06,-0.23,2017-06,Mais de 2 a 3 salários mínimos,158909566424.19287
546,2017-06,-0.23,2017-06,Mais de 3 a 5 salários mínimos,196143545362.94608
547,2017-06,-0.23,2017-06,Mais de 5 a 10 salários mínimos,261467116537.8394
548,2017-06,-0.23,2017-06,Sem rendimento,11812674607.597803
549,2017-07,0.24,2017-07,Acima de 20 salários mínimos,233417677533.95627
550,2017-07,0.24,2017-07,Até 1 salário mínimo,68463786594.60369
551,2017-07,0.24,2017-07,Indisponível,110225820.3715024
552,2017-07,0.24,2017-07,Mais de 1 a 2 salários mínimos,188482734598.123
553,2017-07,0.24,2017-07,Mais de 10 a 20 salários mínimos,205223288324.1151
554,2017-07,0.24,2017-07,Mais de 2 a 3 salários mínimos,162736036560.11615
555,2017-07,0.24,2017-07,Mais de 3 a 5 salários mínimos,199567671199.30112
556,2017-07,0.24,2017-07,Mais de 5 a 10 salários mínimos,263355293853.0276
557,2017-07,0.24,2017-07,Sem rendimento,13127252865.80417
558,2017-08,0.19,2017-08,Acima de 20 salários mínimos,233258313940.10794
559,2017-08,0.19,2017-08,Até 1 salário mínimo,72509470540.93236
560,2017-08,0.19,2017-08,Indisponível,105983068.78210504
561,2017-08,0.19,2017-08,Mais de 1 a 2 salários mínimos,187691900177.51224
562,2017-08,0.19,2017-08,Mais de 10 a 20 salários mínimos,205470475177.7533
563,2017-08,0.19,2017-08,Mais de 2 a 3 salários mínimos,163957176948.33087
564,2017-08,0.19,2017-08,Mais de 3 a 5 salários mínimos,200646015007.29977
565,2017-08,0.19,2017-08,Mais de 5 a 10 salários mínimos,262743408537.88516
566,2017-08,0.19,2017-08,Sem rendimento,13497386938.84275
567,2017-09,0.16,2017-09,Acima de 20 salários mínimos,231588968902.74774
568,2017-09,0.16,2017-09,Até 1 salário mínimo,74114214121.02475
569,2017-09,0.16,2017-09,Indisponível,97025386.82668844
570,2017-09,0.16,2017-09,Mais de 1 a 2 salários mínimos,187972715980.71527
571,2017-09,0.16,2017-09,Mais de 10 a 20 salários mínimos,205575414164.37845
572,2017-09,0.16,2017-09,Mais de 2 a 3 salários mínimos,164092675552.2757
573,2017-09,0.16,2017-09,Mais de 3 a 5 salários mínimos,201151200377.92447
574,2017-09,0.16,2017-09,Mais de 5 a 10 salários mínimos,263210825082.8283
575,2017-09,0.16,2017-09,Sem rendimento,13017751531.855476
576,2017-10,0.42,2017-10,Acima de 20 salários mínimos,236190814149.33392
577,2017-10,0.42,2017-10,Até 1 salário mínimo,69241664319.03897
578,2017-10,0.42,2017-10,Indisponível,90882071.6282704
579,2017-10,0.42,2017-10,Mais de 1 a 2 salários mínimos,182558343863.53265
580,2017-10,0.42,2017-10,Mais de 10 a 20 salários mínimos,204825220847.2963
581,2017-10,0.42,2017-10,Mais de 2 a 3 salários mínimos,164055761780.26553
582,2017-10,0.42,2017-10,Mais de 3 a 5 salários mínimos,207470255329.9391
583,2017-10,0.42,2017-10,Mais de 5 a 10 salários mínimos,265003072212.5179
584,2017-10,0.42,2017-10,Sem rendimento,13235218447.58997
585,2017-11,0.28,2017-11,Acima de 20 salários mínimos,232924636992.14755
586,2017-11,0.28,2017-11,Até 1 salário mínimo,65740610348.37519
587,2017-11,0.28,2017-11,Indisponível,82808107.78420117
588,2017-11,0.28,2017-11,Mais de 1 a 2 salários mínimos,182523208438.42053
589,2017-11,0.28,2017-11,Mais de 10 a 20 salários mínimos,204826022657.4451
590,2017-11,0.28,2017-11,Mais de 2 a 3 salários mínimos,166621358459.01627
591,2017-11,0.28,2017-11,Mais de 3 a 5 salários mínimos,210575876377.80212
592,2017-11,0.28,2017-11,Mais de 5 a 10 salários mínimos,267049336070.8479
593,2017-11,0.28,2017-11,Sem rendimento,13782284306.22627
594,2017-12,0.44,2017-12,Acima de 20 salários mínimos,234153594610.4117
595,2017-12,0.44,2017-12,Até 1 salário mínimo,65593515472.437584
596,2017-12,0.44,2017-12,Indisponível,76745731.42340761
597,2017-12,0.44,2017-12,Mais de 1 a 2 salários mínimos,182883399675.61502
598,2017-12,0.44,2017-12,Mais de 10 a 20 salários mínimos,205246596110.99792
599,2017-12,0.44,2017-12,Mais de 2 a 3 salários mínimos,167458413245.15158
600,2017-12,0.44,2017-12,Mais de 3 a 5 salários mínimos,210470317601.494
601,2017-12,0.44,2017-12,Mais de 5 a 10 salários mínimos,267006736375.46558
602,2017-12,0.44,2017-12,Sem rendimento,13564372617.983555
603,2018-01,0.29,2018-01,Acima de 20 salários mínimos,231592968424.9568
604,2018-01,0.29,2018-01,Até 1 salário mínimo,66011199597.522026
605,2018-01,0.29,2018-01,Indisponível,71311240.56762451
606,2018-01,0.29,2018-01,Mais de 1 a 2 salários mínimos,183940511583.53326
607,2018-01,0.29,2018-01,Mais de 10 a 20 salários mínimos,203003914113.96893
608,2018-01,0.29,2018-01,Mais de 2 a 3 salários mínimos,167884881812.56918
609,2018-01,0.29,2018-01,Mais de 3 a 5 salários mínimos,212654528602.08667
610,2018-01,0.29,2018-01,Mais de 5 a 10 salários mínimos,266700894546.49298
611,2018-01,0.29,2018-01,Sem rendimento,14640914956.488674
612,2018-02,0.32,2018-02,Acima de 20 salários mínimos,232697765501.15543
613,2018-02,0.32,2018-02,Até 1 salário mínimo,68395801716.50842
614,2018-02,0.32,2018-02,Indisponível,67871606.89344874
615,2018-02,0.32,2018-02,Mais de 1 a 2 salários mínimos,184370196106.25446
616,2018-02,0.32,2018-02,Mais de 10 a 20 salários mínimos,202888912360.46274
617,2018-02,0.32,2018-02,Mais de 2 a 3 salários mínimos,167256637052.7946
618,2018-02,0.32,2018-02,Mais de 3 a 5 salários mínimos,213124560464.5916
619,2018-02,0.32,2018-02,Mais de 5 a 10 salários mínimos,265782112971.69666
620,2018-02,0.32,2018-02,Sem rendimento,13868064172.865047
621,2018-03,0.09,2018-03,Acima de 20 salários mínimos,236425183742.28897
622,2018-03,0.09,2018-03,Até 1 salário mínimo,68452926008.323586
623,2018-03,0.09,2018-03,Indisponível,65023739.20742602
624,2018-03,0.09,2018-03,Mais de 1 a 2 salários mínimos,182226413662.79196
625,2018-03,0.09,2018-03,Mais de 10 a 20 salários mínimos,204272880668.38385
626,2018-03,0.09,2018-03,Mais de 2 a 3 salários mínimos,169020471187.51538
627,2018-03,0.09,2018-03,Mais de 3 a 5 salários mínimos,214414893824.15555
628,2018-03,0.09,2018-03,Mais de 5 a 10 salários mínimos,266162136599.14667
629,2018-03,0.09,2018-03,Sem rendimento,13540021796.50445
630,2018-04,0.22,2018-04,Acima de 20 salários mínimos,241262030789.2366
631,2018-04,0.22,2018-04,Até 1 salário mínimo,68448192063.870285
632,2018-04,0.22,2018-04,Indisponível,60704081.9692985
633,2018-04,0.22,2018-04,Mais de 1 a 2 salários mínimos,183195875432.00763
634,2018-04,0.22,2018-04,Mais de 10 a 20 salários mínimos,205438133535.84064
635,2018-04,0.22,2018-04,Mais de 2 a 3 salários mínimos,170395339303.57187
636,2018-04,0.22,2018-04,Mais de 3 a 5 salários mínimos,215548973444.7636
637,2018-04,0.22,2018-04,Mais de 5 a 10 salários mínimos,267759542324.99872
638,2018-04,0.22,2018-04,Sem rendimento,13631083356.602097
639,2018-05,0.4,2018-05,Acima de 20 salários mínimos,243578277124.73502
640,2018-05,0.4,2018-05,Até 1 salário mínimo,66752272959.78533
641,2018-05,0.4,2018-05,Indisponível,55537043.06916756
642,2018-05,0.4,2018-05,Mais de 1 a 2 salários mínimos,184981274033.2606
643,2018-05,0.4,2018-05,Mais de 10 a 20 salários mínimos,206356233488.5204
644,2018-05,0.4,2018-05,Mais de 2 a 3 salários mínimos,172198574472.46384
645,2018-05,0.4,2018-05,Mais de 3 a 5 salários mínimos,217450271379.11
646,2018-05,0.4,2018-05,Mais de 5 a 10 salários mínimos,269927945017.4963
647,2018-05,0.4,2018-05,Sem rendimento,13241783093.315662
648,2018-06,1.26,2018-06,Acima de 20 salários mínimos,248815299795.45956
649,2018-06,1.26,2018-06,Até 1 salário mínimo,67022618369.7666
650,2018-06,1.26,2018-06,Indisponível,52596617.996024
651,2018-06,1.26,2018-06,Mais de 1 a 2 salários mínimos,185421245959.95343
652,2018-06,1.26,2018-06,Mais de 10 a 20 salários mínimos,207318523796.44196
653,2018-06,1.26,2018-06,Mais de 2 a 3 salários mínimos,173437259147.90317
654,2018-06,1.26,2018-06,Mais de 3 a 5 salários mínimos,218506576990.50476
655,2018-06,1.26,2018-06,Mais de 5 a 10 salários mínimos,268961099028.96545
656,2018-06,1.26,2018-06,Sem rendimento,12043145442.326511
657,2018-07,0.33,2018-07,Acima de 20 salários mínimos,245337756021.00974
658,2018-07,0.33,2018-07,Até 1 salário mínimo,66175171255.87186
659,2018-07,0.33,2018-07,Indisponível,48563545.54015327
660,2018-07,0.33,2018-07,Mais de 1 a 2 salários mínimos,184313111865.42688
661,2018-07,0.33,2018-07,Mais de 10 a 20 salários mínimos,205933666095.55588
662,2018-07,0.33,2018-07,Mais de 2 a 3 salários mínimos,172956052135.04468
663,2018-07,0.33,2018-07,Mais de 3 a 5 salários mínimos,217308778465.3547
664,2018-07,0.33,2018-07,Mais de 5 a 10 salários mínimos,267168137792.7446
665,2018-07,0.33,2018-07,Sem rendimento,12435655880.13643
666,2018-08,-0.09,2018-08,Acima de 20 salários mínimos,248787108079.66245
667,2018-08,-0.09,2018-08,Até 1 salário mínimo,66559993120.11233
668,2018-08,-0.09,2018-08,Indisponível,46655859.784273885
669,2018-08,-0.09,2018-08,Mais de 1 a 2 salários mínimos,185380042760.1432
670,2018-08,-0.09,2018-08,Mais de 10 a 20 salários mínimos,207117844166.4834
671,2018-08,-0.09,2018-08,Mais de 2 a 3 salários mínimos,174155840993.01892
672,2018-08,-0.09,2018-08,Mais de 3 a 5 salários mínimos,218785057499.18497
673,2018-08,-0.09,2018-08,Mais de 5 a 10 salários mínimos,268834326793.3244
674,2018-08,-0.09,2018-08,Sem rendimento,12352602258.900324
675,2018-09,0.48,2018-09,Acima de 20 salários mínimos,249818357905.90353
676,2018-09,0.48,2018-09,Até 1 salário mínimo,68608572092.33295
677,2018-09,0.48,2018-09,Indisponível,44428403.68352698
678,2018-09,0.48,2018-09,Mais de 1 a 2 salários mínimos,190181976905.84903
679,2018-09,0.48,2018-09,Mais de 10 a 20 salários mínimos,207485254096.49796
680,2018-09,0.48,2018-09,Mais de 2 a 3 salários mínimos,173311694226.72803
681,2018-09,0.48,2018-09,Mais de 3 a 5 salários mínimos,220317875187.23865
682,2018-09,0.48,2018-09,Mais de 5 a 10 salários mínimos,269935179159.91397
683,2018-09,0.48,2018-09,Sem rendimento,12576958361.52401
684,2018-10,0.45,2018-10,Acima de 20 salários mínimos,250599163111.73282
685,2018-10,0.45,2018-10,Até 1 salário mínimo,70070358191.37648
686,2018-10,0.45,2018-10,Indisponível,40825135.59245257
687,2018-10,0.45,2018-10,Mais de 1 a 2 salários mínimos,195398960458.36584
688,2018-10,0.45,2018-10,Mais de 10 a 20 salários mínimos,207662540483.40512
689,2018-10,0.45,2018-10,Mais de 2 a 3 salários mínimos,172288186661.6395
690,2018-10,0.45,2018-10,Mais de 3 a 5 salários mínimos,218995257713.02893
691,2018-10,0.45,2018-10,Mais de 5 a 10 salários mínimos,269309039979.01318
692,2018-10,0.45,2018-10,Sem rendimento,12873430012.752226
693,2018-11,-0.21,2018-11,Acima de 20 salários mínimos,249311126566.8174
694,2018-11,-0.21,2018-11,Até 1 salário mínimo,67332772743.03017
695,2018-11,-0.21,2018-11,Indisponível,9050189317.280672
696,2018-11,-0.21,2018-11,Mais de 1 a 2 salários mínimos,192228065768.25958
697,2018-11,-0.21,2018-11,Mais de 10 a 20 salários mínimos,208676401175.66306
698,2018-11,-0.21,2018-11,Mais de 2 a 3 salários mínimos,173744294373.35953
699,2018-11,-0.21,2018-11,Mais de 3 a 5 salários mínimos,219016888476.68073
700,2018-11,-0.21,2018-11,Mais de 5 a 10 salários mínimos,271027159494.1989
701,2018-11,-0.21,2018-11,Sem rendimento,3817158690.66483
702,2018-12,0.15,2018-12,Acima de 20 salários mínimos,253025822830.227
703,2018-12,0.15,2018-12,Até 1 salário mínimo,68033018251.65345
704,2018-12,0.15,2018-12,Indisponível,10083276421.933735
705,2018-12,0.15,2018-12,Mais de 1 a 2 salários mínimos,191934599345.76425
706,2018-12,0.15,2018-12,Mais de 10 a 20 salários mínimos,210580683035.65128
707,2018-12,0.15,2018-12,Mais de 2 a 3 salários mínimos,175497184052.72012
708,2018-12,0.15,2018-12,Mais de 3 a 5 salários mínimos,220647236137.24744
709,2018-12,0.15,2018-12,Mais de 5 a 10 salários mínimos,272238429217.35538
710,2018-12,0.15,2018-12,Sem rendimento,3682037152.8241315
711,2019-01,0.32,2019-01,Acima de 20 salários mínimos,244426982032.22794
712,2019-01,0.32,2019-01,Até 1 salário mínimo,73586207033.36801
713,2019-01,0.32,2019-01,Indisponível,10448891810.230356
714,2019-01,0.32,2019-01,Mais de 1 a 2 salários mínimos,203243804128.67096
715,2019-01,0.32,2019-01,Mais de 10 a 20 salários mínimos,203728039277.82184
716,2019-01,0.32,2019-01,Mais de 2 a 3 salários mínimos,176188191313.04385
717,2019-01,0.32,2019-01,Mais de 3 a 5 salários mínimos,222359416273.66702
718,2019-01,0.32,2019-01,Mais de 5 a 10 salários mínimos,272453938987.53207
719,2019-01,0.32,2019-01,Sem rendimento,3413148860.657787
720,2019-02,0.43,2019-02,Acima de 20 salários mínimos,247080638286.3436
721,2019-02,0.43,2019-02,Até 1 salário mínimo,73408923878.8101
722,2019-02,0.43,2019-02,Indisponível,12080774099.741802
723,2019-02,0.43,2019-02,Mais de 1 a 2 salários mínimos,201702689299.82318
724,2019-02,0.43,2019-02,Mais de 10 a 20 salários mínimos,204574281776.22998
725,2019-02,0.43,2019-02,Mais de 2 a 3 salários mínimos,177425251016.0923
726,2019-02,0.43,2019-02,Mais de 3 a 5 salários mínimos,223314937995.43875
727,2019-02,0.43,2019-02,Mais de 5 a 10 salários mínimos,272188338460.7527
728,2019-02,0.43,2019-02,Sem rendimento,3168155571.9594975
729,2019-03,0.75,2019-03,Acima de 20 salários mínimos,246174441277.7032
730,2019-03,0.75,2019-03,Até 1 salário mínimo,58908033033.91398
731,2019-03,0.75,2019-03,Indisponível,14279659932.243
732,2019-03,0.75,2019-03,Mais de 1 a 2 salários mínimos,184540207323.62747
733,2019-03,0.75,2019-03,Mais de 10 a 20 salários mínimos,197820714817.952
734,2019-03,0.75,2019-03,Mais de 2 a 3 salários mínimos,166616987488.59488
735,2019-03,0.75,2019-03,Mais de 3 a 5 salários mínimos,213423215351.2657
736,2019-03,0.75,2019-03,Mais de 5 a 10 salários mínimos,261576391978.15256
737,2019-03,0.75,2019-03,Sem rendimento,76245518608.5771
738,2019-04,0.57,2019-04,Acima de 20 salários mínimos,248599132276.99124
739,2019-04,0.57,2019-04,Até 1 salário mínimo,58626075594.27618
740,2019-04,0.57,2019-04,Indisponível,20243660006.729057
741,2019-04,0.57,2019-04,Mais de 1 a 2 salários mínimos,183201307483.41586
742,2019-04,0.57,2019-04,Mais de 10 a 20 salários mínimos,197156387296.1698
743,2019-04,0.57,2019-04,Mais de 2 a 3 salários mínimos,166017347514.85892
744,2019-04,0.57,2019-04,Mais de 3 a 5 salários mínimos,213459316062.32248
745,2019-04,0.57,2019-04,Mais de 5 a 10 salários mínimos,261496109321.31598
746,2019-04,0.57,2019-04,Sem rendimento,75079872306.47894
747,2019-05,0.13,2019-05,Acima de 20 salários mínimos,250203178845.06946
748,2019-05,0.13,2019-05,Até 1 salário mínimo,58191963338.95749
749,2019-05,0.13,2019-05,Indisponível,17080313795.682306
750,2019-05,0.13,2019-05,Mais de 1 a 2 salários mínimos,184267283465.97232
751,2019-05,0.13,2019-05,Mais de 10 a 20 salários mínimos,196131172134.89313
752,2019-05,0.13,2019-05,Mais de 2 a 3 salários mínimos,167156428292.93924
753,2019-05,0.13,2019-05,Mais de 3 a 5 salários mínimos,215063490636.10733
754,2019-05,0.13,2019-05,Mais de 5 a 10 salários mínimos,265052076517.8612
755,2019-05,0.13,2019-05,Sem rendimento,74948153032.66327
756,2019-06,0.01,2019-06,Acima de 20 salários mínimos,256062670128.0983
757,2019-06,0.01,2019-06,Até 1 salário mínimo,57935010460.47187
758,2019-06,0.01,2019-06,Indisponível,17377297377.424637
759,2019-06,0.01,2019-06,Mais de 1 a 2 salários mínimos,188190506339.89685
760,2019-06,0.01,2019-06,Mais de 10 a 20 salários mínimos,200420720369.7321
761,2019-06,0.01,2019-06,Mais de 2 a 3 salários mínimos,167855696732.06137
762,2019-06,0.01,2019-06,Mais de 3 a 5 salários mínimos,215240961271.91763
763,2019-06,0.01,2019-06,Mais de 5 a 10 salários mínimos,261318742818.6559
764,2019-06,0.01,2019-06,Sem rendimento,74751479945.04713
765,2019-07,0.19,2019-07,Acima de 20 salários mínimos,254201844145.10626
766,2019-07,0.19,2019-07,Até 1 salário mínimo,57687667571.67912
767,2019-07,0.19,2019-07,Indisponível,16508427072.92981
768,2019-07,0.19,2019-07,Mais de 1 a 2 salários mínimos,186522745823.72592
769,2019-07,0.19,2019-07,Mais de 10 a 20 salários mínimos,200477879718.2623
770,2019-07,0.19,2019-07,Mais de 2 a 3 salários mínimos,171510975339.31366
771,2019-07,0.19,2019-07,Mais de 3 a 5 salários mínimos,218010675498.8274
772,2019-07,0.19,2019-07,Mais de 5 a 10 salários mínimos,262962023001.59555
773,2019-07,0.19,2019-07,Sem rendimento,76726156634.7621
774,2019-08,0.11,2019-08,Acima de 20 salários mínimos,257393543620.92532
775,2019-08,0.11,2019-08,Até 1 salário mínimo,57602282313.86277
776,2019-08,0.11,2019-08,Indisponível,19601069175.656826
777,2019-08,0.11,2019-08,Mais de 1 a 2 salários mínimos,186123542275.929
778,2019-08,0.11,2019-08,Mais de 10 a 20 salários mínimos,202005369558.27353
779,2019-08,0.11,2019-08,Mais de 2 a 3 salários mínimos,171657666783.46222
780,2019-08,0.11,2019-08,Mais de 3 a 5 salários mínimos,219295241193.59546
781,2019-08,0.11,2019-08,Mais de 5 a 10 salários mínimos,265371989589.39682
782,2019-08,0.11,2019-08,Sem rendimento,76946260033.96544
783,2019-09,-0.04,2019-09,Acima de 20 salários mínimos,262018013557.1069
784,2019-09,-0.04,2019-09,Até 1 salário mínimo,57461516469.23893
785,2019-09,-0.04,2019-09,Indisponível,19908121056.097977
786,2019-09,-0.04,2019-09,Mais de 1 a 2 salários mínimos,186370435716.425
787,2019-09,-0.04,2019-09,Mais de 10 a 20 salários mínimos,205375921831.69864
788,2019-09,-0.04,2019-09,Mais de 2 a 3 salários mínimos,172413299580.04184
789,2019-09,-0.04,2019-09,Mais de 3 a 5 salários mínimos,220965091955.51437
790,2019-09,-0.04,2019-09,Mais de 5 a 10 salários mínimos,268033086936.1564
791,2019-09,-0.04,2019-09,Sem rendimento,77425681252.23357
792,2019-10,0.1,2019-10,Acima de 20 salários mínimos,264562669627.85956
793,2019-10,0.1,2019-10,Até 1 salário mínimo,57635257367.923386
794,2019-10,0.1,2019-10,Indisponível,12394928244.370457
795,2019-10,0.1,2019-10,Mais de 1 a 2 salários mínimos,187759897819.86044
796,2019-10,0.1,2019-10,Mais de 10 a 20 salários mínimos,206807859957.77658
797,2019-10,0.1,2019-10,Mais de 2 a 3 salários mínimos,174373859063.35208
798,2019-10,0.1,2019-10,Mais de 3 a 5 salários mínimos,223127930080.19775
799,2019-10,0.1,2019-10,Mais de 5 a 10 salários mínimos,270915660704.9754
800,2019-10,0.1,2019-10,Sem rendimento,86013090980.05307
801,2019-11,0.51,2019-11,Acima de 20 salários mínimos,266292697030.08472
802,2019-11,0.51,2019-11,Até 1 salário mínimo,55194362585.22151
803,2019-11,0.51,2019-11,Indisponível,12397601865.114315
804,2019-11,0.51,2019-11,Mais de 1 a 2 salários mínimos,191468603023.17563
805,2019-11,0.51,2019-11,Mais de 10 a 20 salários mínimos,209829321881.2603
806,2019-11,0.51,2019-11,Mais de 2 a 3 salários mínimos,177199203397.62677
807,2019-11,0.51,2019-11,Mais de 3 a 5 salários mínimos,226641985439.35132
808,2019-11,0.51,2019-11,Mais de 5 a 10 salários mínimos,276591767911.042
809,2019-11,0.51,2019-11,Sem rendimento,84170649741.12987
810,2019-12,1.15,2019-12,Acima de 20 salários mínimos,268718081813.51678
811,2019-12,1.15,2019-12,Até 1 salário mínimo,53830228754.621704
812,2019-12,1.15,2019-12,Indisponível,14021489961.750692
813,2019-12,1.15,2019-12,Mais de 1 a 2 salários mínimos,192688015973.78543
814,2019-12,1.15,2019-12,Mais de 10 a 20 salários mínimos,209395420131.24368
815,2019-12,1.15,2019-12,Mais de 2 a 3 salários mínimos,179440126530.87808
816,2019-12,1.15,2019-12,Mais de 3 a 5 salários mínimos,228606638718.78723
817,2019-12,1.15,2019-12,Mais de 5 a 10 salários mínimos,277778760386.8424
818,2019-12,1.15,2019-12,Sem rendimento,81693928966.24255
819,2020-01,0.21,2020-01,Acima de 20 salários mínimos,260622529084.0174
820,2020-01,0.21,2020-01,Até 1 salário mínimo,57943582743.63228
821,2020-01,0.21,2020-01,Indisponível,14450582200.764416
822,2020-01,0.21,2020-01,Mais de 1 a 2 salários mínimos,192499273976.85266
823,2020-01,0.21,2020-01,Mais de 10 a 20 salários mínimos,205147021485.90845
824,2020-01,0.21,2020-01,Mais de 2 a 3 salários mínimos,183664012712.00964
825,2020-01,0.21,2020-01,Mais de 3 a 5 salários mínimos,232177080922.33838
826,2020-01,0.21,2020-01,Mais de 5 a 10 salários mínimos,276442211176.62463
827,2020-01,0.21,2020-01,Sem rendimento,80987619531.1027
828,2020-02,0.25,2020-02,Acima de 20 salários mínimos,261586393482.15918
829,2020-02,0.25,2020-02,Até 1 salário mínimo,59883386621.10024
830,2020-02,0.25,2020-02,Indisponível,14721430895.811018
831,2020-02,0.25,2020-02,Mais de 1 a 2 salários mínimos,194313159602.13312
832,2020-02,0.25,2020-02,Mais de 10 a 20 salários mínimos,204437095317.93152
833,2020-02,0.25,2020-02,Mais de 2 a 3 salários mínimos,185674488490.97546
834,2020-02,0.25,2020-02,Mais de 3 a 5 salários mínimos,235833846629.9297
835,2020-02,0.25,2020-02,Mais de 5 a 10 salários mínimos,275328457468.1096
836,2020-02,0.25,2020-02,Sem rendimento,81410026426.21124
837,2020-03,0.07,2020-03,Acima de 20 salários mínimos,271167850652.28845
838,2020-03,0.07,2020-03,Até 1 salário mínimo,61752190567.13064
839,2020-03,0.07,2020-03,Indisponível,14595859002.08081
840,2020-03,0.07,2020-03,Mais de 1 a 2 salários mínimos,195964266492.58963
841,2020-03,0.07,2020-03,Mais de 10 a 20 salários mínimos,205918232635.62778
842,2020-03,0.07,2020-03,Mais de 2 a 3 salários mínimos,183575414038.71262
843,2020-03,0.07,2020-03,Mais de 3 a 5 salários mínimos,235810169952.29385
844,2020-03,0.07,2020-03,Mais de 5 a 10 salários mínimos,276573800656.82
845,2020-03,0.07,2020-03,Sem rendimento,84542347576.04013
846,2020-04,-0.31,2020-04,Acima de 20 salários mínimos,277582817468.5368
847,2020-04,-0.31,2020-04,Até 1 salário mínimo,57663828788.966736
848,2020-04,-0.31,2020-04,Indisponível,13838749486.988926
849,2020-04,-0.31,2020-04,Mais de 1 a 2 salários mínimos,197882314932.0611
850,2020-04,-0.31,2020-04,Mais de 10 a 20 salários mínimos,208556705773.37155
851,2020-04,-0.31,2020-04,Mais de 2 a 3 salários mínimos,187746384098.9154
852,2020-04,-0.31,2020-04,Mais de 3 a 5 salários mínimos,239333137845.90173
853,2020-04,-0.31,2020-04,Mais de 5 a 10 salários mínimos,280525955825.9012
854,2020-04,-0.31,2020-04,Sem rendimento,83836877785.64091
855,2020-05,-0.38,2020-05,Acima de 20 salários mínimos,278222209718.91974
856,2020-05,-0.38,2020-05,Até 1 salário mínimo,57868870516.20955
857,2020-05,-0.38,2020-05,Indisponível,13630282869.876755
858,2020-05,-0.38,2020-05,Mais de 1 a 2 salários mínimos,200194158996.4692
859,2020-05,-0.38,2020-05,Mais de 10 a 20 salários mínimos,209699965754.01468
860,2020-05,-0.38,2020-05,Mais de 2 a 3 salários mínimos,190230774065.5613
861,2020-05,-0.38,2020-05,Mais de 3 a 5 salários mínimos,242892043659.11447
862,2020-05,-0.38,2020-05,Mais de 5 a 10 salários mínimos,284000048701.74677
863,2020-05,-0.38,2020-05,Sem rendimento,85328480352.09412
864,2020-06,0.26,2020-06,Acima de 20 salários mínimos,284570128210.5546
865,2020-06,0.26,2020-06,Até 1 salário mínimo,56883120090.15907
866,2020-06,0.26,2020-06,Indisponível,18049386255.393425
867,2020-06,0.26,2020-06,Mais de 1 a 2 salários mínimos,198803347011.1681
868,2020-06,0.26,2020-06,Mais de 10 a 20 salários mínimos,213599170299.2712
869,2020-06,0.26,2020-06,Mais de 2 a 3 salários mínimos,190781613239.87604
870,2020-06,0.26,2020-06,Mais de 3 a 5 salários mínimos,245522480624.84406
871,2020-06,0.26,2020-06,Mais de 5 a 10 salários mínimos,288535679844.8271
872,2020-06,0.26,2020-06,Sem rendimento,92610911545.55714
873,2020-07,0.36,2020-07,Acima de 20 salários mínimos,284354581251.1207
874,2020-07,0.36,2020-07,Até 1 salário mínimo,57661689922.25168
875,2020-07,0.36,2020-07,Indisponível,13347552213.236132
876,2020-07,0.36,2020-07,Mais de 1 a 2 salários mínimos,201623357426.15448
877,2020-07,0.36,2020-07,Mais de 10 a 20 salários mínimos,215376169396.06735
878,2020-07,0.36,2020-07,Mais de 2 a 3 salários mínimos,193713275239.4936
879,2020-07,0.36,2020-07,Mais de 3 a 5 salários mínimos,248451880541.1876
880,2020-07,0.36,2020-07,Mais de 5 a 10 salários mínimos,291623471198.3006
881,2020-07,0.36,2020-07,Sem rendimento,96653370367.54309
882,2020-08,0.24,2020-08,Acima de 20 salários mínimos,283412443124.8297
883,2020-08,0.24,2020-08,Até 1 salário mínimo,57890008959.19258
884,2020-08,0.24,2020-08,Indisponível,7418100686.781264
885,2020-08,0.24,2020-08,Mais de 1 a 2 salários mínimos,204736518043.92197
886,2020-08,0.24,2020-08,Mais de 10 a 20 salários mínimos,214699355315.24023
887,2020-08,0.24,2020-08,Mais de 2 a 3 salários mínimos,196747143432.683
888,2020-08,0.24,2020-08,Mais de 3 a 5 salários mínimos,249257281972.00644
889,2020-08,0.24,2020-08,Mais de 5 a 10 salários mínimos,294239944255.1591
890,2020-08,0.24,2020-08,Sem rendimento,108675583689.83546
891,2020-09,0.64,2020-09,Acima de 20 salários mínimos,289926946454.0643
892,2020-09,0.64,2020-09,Até 1 salário mínimo,57985987053.365295
893,2020-09,0.64,2020-09,Indisponível,8530429227.27443
894,2020-09,0.64,2020-09,Mais de 1 a 2 salários mínimos,208880010156.6552
895,2020-09,0.64,2020-09,Mais de 10 a 20 salários mínimos,217440873209.66132
896,2020-09,0.64,2020-09,Mais de 2 a 3 salários mínimos,199522742206.24103
897,2020-09,0.64,2020-09,Mais de 3 a 5 salários mínimos,252148716350.90048
898,2020-09,0.64,2020-09,Mais de 5 a 10 salários mínimos,297801938980.2376
899,2020-09,0.64,2020-09,Sem rendimento,106834628179.4698
900,2020-10,0.86,2020-10,Acima de 20 salários mínimos,299986805980.0545
901,2020-10,0.86,2020-10,Até 1 salário mínimo,51207314730.71153
902,2020-10,0.86,2020-10,Indisponível,8318358499.363952
903,2020-10,0.86,2020-10,Mais de 1 a 2 salários mínimos,210657189202.50107
904,2020-10,0.86,2020-10,Mais de 10 a 20 salários mínimos,219414059758.3753
905,2020-10,0.86,2020-10,Mais de 2 a 3 salários mínimos,200506819068.60895
906,2020-10,0.86,2020-10,Mais de 3 a 5 salários mínimos,255516641473.0953
907,2020-10,0.86,2020-10,Mais de 5 a 10 salários mínimos,306889120362.9606
908,2020-10,0.86,2020-10,Sem rendimento,105900703094.46788
909,2020-11,0.89,2020-11,Acima de 20 salários mínimos,296809790961.3248
910,2020-11,0.89,2020-11,Até 1 salário mínimo,57703183789.872536
911,2020-11,0.89,2020-11,Indisponível,8307926956.32796
912,2020-11,0.89,2020-11,Mais de 1 a 2 salários mínimos,220186828226.97006
913,2020-11,0.89,2020-11,Mais de 10 a 20 salários mínimos,218791086311.5715
914,2020-11,0.89,2020-11,Mais de 2 a 3 salários mínimos,201953779321.7378
915,2020-11,0.89,2020-11,Mais de 3 a 5 salários mínimos,257392129249.37616
916,2020-11,0.89,2020-11,Mais de 5 a 10 salários mínimos,305947760424.95087
917,2020-11,0.89,2020-11,Sem rendimento,106283277424.30406
918,2020-12,1.35,2020-12,Acima de 20 salários mínimos,301041905686.0727
919,2020-12,1.35,2020-12,Até 1 salário mínimo,58304879672.61853
920,2020-12,1.35,2020-12,Indisponível,9862858376.621746
921,2020-12,1.35,2020-12,Mais de 1 a 2 salários mínimos,220335275816.32083
922,2020-12,1.35,2020-12,Mais de 10 a 20 salários mínimos,219229284993.27014
923,2020-12,1.35,2020-12,Mais de 2 a 3 salários mínimos,202013594988.73502
924,2020-12,1.35,2020-12,Mais de 3 a 5 salários mínimos,258076711215.99747
925,2020-12,1.35,2020-12,Mais de 5 a 10 salários mínimos,307344059400.687
926,2020-12,1.35,2020-12,Sem rendimento,108549902794.47989
927,2021-01,0.25,2021-01,Acima de 20 salários mínimos,292444022775.6133
928,2021-01,0.25,2021-01,Até 1 salário mínimo,65127163285.42116
929,2021-01,0.25,2021-01,Indisponível,11426903022.373598
930,2021-01,0.25,2021-01,Mais de 1 a 2 salários mínimos,218785617560.50372
931,2021-01,0.25,2021-01,Mais de 10 a 20 salários mínimos,214294765964.0068
932,2021-01,0.25,2021-01,Mais de 2 a 3 salários mínimos,200676497730.39734
933,2021-01,0.25,2021-01,Mais de 3 a 5 salários mínimos,259815771946.8087
934,2021-01,0.25,2021-01,Mais de 5 a 10 salários mínimos,303758569824.89087
935,2021-01,0.25,2021-01,Sem rendimento,108627527030.91089
936,2021-02,0.86,2021-02,Acima de 20 salários mínimos,298577451145.28174
937,2021-02,0.86,2021-02,Até 1 salário mínimo,60895999632.16055
938,2021-02,0.86,2021-02,Indisponível,10608687370.094717
939,2021-02,0.86,2021-02,Mais de 1 a 2 salários mínimos,208008720606.04547
940,2021-02,0.86,2021-02,Mais de 10 a 20 salários mínimos,218059032680.4732
941,2021-02,0.86,2021-02,Mais de 2 a 3 salários mínimos,194233019840.95047
942,2021-02,0.86,2021-02,Mais de 3 a 5 salários mínimos,258409637783.89008
943,2021-02,0.86,2021-02,Mais de 5 a 10 salários mínimos,305448661804.75867
944,2021-02,0.86,2021-02,Sem rendimento,134435365237.84546
945,2021-03,0.93,2021-03,Acima de 20 salários mínimos,305222823600.01953
946,2021-03,0.93,2021-03,Até 1 salário mínimo,62700701350.7386
947,2021-03,0.93,2021-03,Indisponível,12946170139.017622
948,2021-03,0.93,2021-03,Mais de 1 a 2 salários mínimos,216877120243.67618
949,2021-03,0.93,2021-03,Mais de 10 a 20 salários mínimos,217300477293.45212
950,2021-03,0.93,2021-03,Mais de 2 a 3 salários mínimos,191254917502.03033
951,2021-03,0.93,2021-03,Mais de 3 a 5 salários mínimos,257131089578.92188
952,2021-03,0.93,2021-03,Mais de 5 a 10 salários mínimos,303951647163.91785
953,2021-03,0.93,2021-03,Sem rendimento,133948863961.28906
954,2021-04,0.31,2021-04,Acima de 20 salários mínimos,313121943148.826
955,2021-04,0.31,2021-04,Até 1 salário mínimo,63818844648.01632
956,2021-04,0.31,2021-04,Indisponível,11780599724.52864
957,2021-04,0.31,2021-04,Mais de 1 a 2 salários mínimos,218329204758.07962
958,2021-04,0.31,2021-04,Mais de 10 a 20 salários mínimos,217994767878.36465
959,2021-04,0.31,2021-04,Mais de 2 a 3 salários mínimos,193618369778.2957
960,2021-04,0.31,2021-04,Mais de 3 a 5 salários mínimos,259502247711.66873
961,2021-04,0.31,2021-04,Mais de 5 a 10 salários mínimos,306514765798.9481
962,2021-04,0.31,2021-04,Sem rendimento,129433932629.71262
963,2021-05,0.83,2021-05,Acima de 20 salários mínimos,318545797115.43524
964,2021-05,0.83,2021-05,Até 1 salário mínimo,64306168330.793976
965,2021-05,0.83,2021-05,Indisponível,11543404782.002407
966,2021-05,0.83,2021-05,Mais de 1 a 2 salários mínimos,218896030529.9834
967,2021-05,0.83,2021-05,Mais de 10 a 20 salários mínimos,221616661161.38397
968,2021-05,0.83,2021-05,Mais de 2 a 3 salários mínimos,194728906165.0881
969,2021-05,0.83,2021-05,Mais de 3 a 5 salários mínimos,262972544435.03638
970,2021-05,0.83,2021-05,Mais de 5 a 10 salários mínimos,312085133580.8841
971,2021-05,0.83,2021-05,Sem rendimento,128090373045.53906
972,2021-06,0.53,2021-06,Acima de 20 salários mínimos,326330249264.304
973,2021-06,0.53,2021-06,Até 1 salário mínimo,63521679984.19919
974,2021-06,0.53,2021-06,Indisponível,15245472984.217564
975,2021-06,0.53,2021-06,Mais de 1 a 2 salários mínimos,218760135004.89862
976,2021-06,0.53,2021-06,Mais de 10 a 20 salários mínimos,225833825632.69592
977,2021-06,0.53,2021-06,Mais de 2 a 3 salários mínimos,194397694725.91214
978,2021-06,0.53,2021-06,Mais de 3 a 5 salários mínimos,261489312278.08313
979,2021-06,0.53,2021-06,Mais de 5 a 10 salários mínimos,315334858212.14716
980,2021-06,0.53,2021-06,Sem rendimento,126593133437.72946
981,2021-07,0.96,2021-07,Acima de 20 salários mínimos,326121355546.05475
982,2021-07,0.96,2021-07,Até 1 salário mínimo,64494931428.05645
983,2021-07,0.96,2021-07,Indisponível,11535459032.770992
984,2021-07,0.96,2021-07,Mais de 1 a 2 salários mínimos,221605855320.32175
985,2021-07,0.96,2021-07,Mais de 10 a 20 salários mínimos,233347433550.81375
986,2021-07,0.96,2021-07,Mais de 2 a 3 salários mínimos,197908062322.36554
987,2021-07,0.96,2021-07,Mais de 3 a 5 salários mínimos,265810422529.9861
988,2021-07,0.96,2021-07,Mais de 5 a 10 salários mínimos,319174493101.45935
989,2021-07,0.96,2021-07,Sem rendimento,131100965321.30069
990,2021-08,0.87,2021-08,Acima de 20 salários mínimos,330113837898.3533
991,2021-08,0.87,2021-08,Até 1 salário mínimo,66163368490.197044
992,2021-08,0.87,2021-08,Indisponível,10982280793.623932
993,2021-08,0.87,2021-08,Mais de 1 a 2 salários mínimos,227008015957.18112
994,2021-08,0.87,2021-08,Mais de 10 a 20 salários mínimos,236088643870.36215
995,2021-08,0.87,2021-08,Mais de 2 a 3 salários mínimos,201171050766.5266
996,2021-08,0.87,2021-08,Mais de 3 a 5 salários mínimos,261621376879.37228
997,2021-08,0.87,2021-08,Mais de 5 a 10 salários mínimos,323329986633.6488
998,2021-08,0.87,2021-08,Sem rendimento,127904260700.64838
999,2021-09,1.16,2021-09,Acima de 20 salários mínimos,340782916898.04193
1000,2021-09,1.16,2021-09,Até 1 salário mínimo,65748626927.087296
1001,2021-09,1.16,2021-09,Indisponível,10973468453.92854
1002,2021-09,1.16,2021-09,Mais de 1 a 2 salários mínimos,225449491722.3073
1003,2021-09,1.16,2021-09,Mais de 10 a 20 salários mínimos,238397402335.87112
1004,2021-09,1.16,2021-09,Mais de 2 a 3 salários mínimos,200696676995.13937
1005,2021-09,1.16,2021-09,Mais de 3 a 5 salários mínimos,260931598672.0761
1006,2021-09,1.16,2021-09,Mais de 5 a 10 salários mínimos,325775879387.9492
1007,2021-09,1.16,2021-09,Sem rendimento,128121353493.70941
1008,2021-10,1.25,2021-10,Acima de 20 salários mínimos,341078474240.2289
1009,2021-10,1.25,2021-10,Até 1 salário mínimo,67074617860.760735
1010,2021-10,1.25,2021-10,Indisponível,10260605354.221098
1011,2021-10,1.25,2021-10,Mais de 1 a 2 salários mínimos,226544725111.9933
1012,2021-10,1.25,2021-10,Mais de 10 a 20 salários mínimos,240228142150.1515
1013,2021-10,1.25,2021-10,Mais de 2 a 3 salários mínimos,200084429798.40128
1014,2021-10,1.25,2021-10,Mais de 3 a 5 salários mínimos,259895435736.08804
1015,2021-10,1.25,2021-10,Mais de 5 a 10 salários mínimos,325662417039.85046
1016,2021-10,1.25,2021-10,Sem rendimento,132093445878.95517
1017,2021-11,0.95,2021-11,Acima de 20 salários mínimos,342160601648.84015
1018,2021-11,0.95,2021-11,Até 1 salário mínimo,69724256339.0697
1019,2021-11,0.95,2021-11,Indisponível,130630710372.26016
1020,2021-11,0.95,2021-11,Mais de 1 a 2 salários mínimos,224127167909.5405
1021,2021-11,0.95,2021-11,Mais de 10 a 20 salários mínimos,241448578489.30084
1022,2021-11,0.95,2021-11,Mais de 2 a 3 salários mínimos,200374016639.80347
1023,2021-11,0.95,2021-11,Mais de 3 a 5 salários mínimos,260997305681.80292
1024,2021-11,0.95,2021-11,Mais de 5 a 10 salários mínimos,327453096194.8744
1025,2021-11,0.95,2021-11,Sem rendimento,3869671810.2545705
1026,2021-12,0.73,2021-12,Acima de 20 salários mínimos,338854257358.5936
1027,2021-12,0.73,2021-12,Até 1 salário mínimo,70285906646.25412
1028,2021-12,0.73,2021-12,Indisponível,132959919964.59058
1029,2021-12,0.73,2021-12,Mais de 1 a 2 salários mínimos,225175828859.87256
1030,2021-12,0.73,2021-12,Mais de 10 a 20 salários mínimos,241409901907.9122
1031,2021-12,0.73,2021-12,Mais de 2 a 3 salários mínimos,203371075056.17154
1032,2021-12,0.73,2021-12,Mais de 3 a 5 salários mínimos,262240752851.53912
1033,2021-12,0.73,2021-12,Mais de 5 a 10 salários mínimos,325792894826.7319
1034,2021-12,0.73,2021-12,Sem rendimento,6740722921.499409
1035,2022-01,0.54,2022-01,Acima de 20 salários mínimos,323180628317.22034
1036,2022-01,0.54,2022-01,Até 1 salário mínimo,87152856701.85924
1037,2022-01,0.54,2022-01,Indisponível,134560940798.62047
1038,2022-01,0.54,2022-01,Mais de 1 a 2 salários mínimos,250496388854.21207
1039,2022-01,0.54,2022-01,Mais de 10 a 20 salários mínimos,233017154895.9953
1040,2022-01,0.54,2022-01,Mais de 2 a 3 salários mínimos,196030821751.84512
1041,2022-01,0.54,2022-01,Mais de 3 a 5 salários mínimos,262759080195.56485
1042,2022-01,0.54,2022-01,Mais de 5 a 10 salários mínimos,315167372726.1915
1043,2022-01,0.54,2022-01,Sem rendimento,3364843885.8700604
1044,2022-02,1.01,2022-02,Acima de 20 salários mínimos,325671196882.99774
1045,2022-02,1.01,2022-02,Até 1 salário mínimo,88732879379.13042
1046,2022-02,1.01,2022-02,Indisponível,140043014968.9737
1047,2022-02,1.01,2022-02,Mais de 1 a 2 salários mínimos,246443105372.88345
1048,2022-02,1.01,2022-02,Mais de 10 a 20 salários mínimos,233300356892.7074
1049,2022-02,1.01,2022-02,Mais de 2 a 3 salários mínimos,196823690921.388
1050,2022-02,1.01,2022-02,Mais de 3 a 5 salários mínimos,263010121071.53302
1051,2022-02,1.01,2022-02,Mais de 5 a 10 salários mínimos,312980065819.6797
1052,2022-02,1.01,2022-02,Sem rendimento,3286086903.5200424
1053,2022-03,1.62,2022-03,Acima de 20 salários mínimos,330567493354.6274
1054,2022-03,1.62,2022-03,Até 1 salário mínimo,89360443417.79268
1055,2022-03,1.62,2022-03,Indisponível,138767622074.304
1056,2022-03,1.62,2022-03,Mais de 1 a 2 salários mínimos,246443869400.8382
1057,2022-03,1.62,2022-03,Mais de 10 a 20 salários mínimos,233359190216.7354
1058,2022-03,1.62,2022-03,Mais de 2 a 3 salários mínimos,195152247463.17462
1059,2022-03,1.62,2022-03,Mais de 3 a 5 salários mínimos,262065356101.734
1060,2022-03,1.62,2022-03,Mais de 5 a 10 salários mínimos,312485091800.1734
1061,2022-03,1.62,2022-03,Sem rendimento,2765821809.4215097
1062,2022-04,1.06,2022-04,Acima de 20 salários mínimos,331784217186.00867
1063,2022-04,1.06,2022-04,Até 1 salário mínimo,91468517525.92892
1064,2022-04,1.06,2022-04,Indisponível,138031043117.39532
1065,2022-04,1.06,2022-04,Mais de 1 a 2 salários mínimos,246134190471.63614
1066,2022-04,1.06,2022-04,Mais de 10 a 20 salários mínimos,232516608781.74673
1067,2022-04,1.06,2022-04,Mais de 2 a 3 salários mínimos,193407637903.5076
1068,2022-04,1.06,2022-04,Mais de 3 a 5 salários mínimos,258880031428.80493
1069,2022-04,1.06,2022-04,Mais de 5 a 10 salários mínimos,310225232736.14886
1070,2022-04,1.06,2022-04,Sem rendimento,2673260195.678208
1071,2022-05,0.47,2022-05,Acima de 20 salários mínimos,331045622078.6201
1072,2022-05,0.47,2022-05,Até 1 salário mínimo,92212404649.49886
1073,2022-05,0.47,2022-05,Indisponível,141590273073.54132
1074,2022-05,0.47,2022-05,Mais de 1 a 2 salários mínimos,247699511659.22415
1075,2022-05,0.47,2022-05,Mais de 10 a 20 salários mínimos,231804352147.76553
1076,2022-05,0.47,2022-05,Mais de 2 a 3 salários mínimos,191306807956.1339
1077,2022-05,0.47,2022-05,Mais de 3 a 5 salários mínimos,257124925696.39587
1078,2022-05,0.47,2022-05,Mais de 5 a 10 salários mínimos,310092111284.8405
1079,2022-05,0.47,2022-05,Sem rendimento,2496709298.246505
1080,2022-06,0.67,2022-06,Acima de 20 salários mínimos,340509308619.23236
1081,2022-06,0.67,2022-06,Até 1 salário mínimo,88038405615.31752
1082,2022-06,0.67,2022-06,Indisponível,147267823875.94086
1083,2022-06,0.67,2022-06,Mais de 1 a 2 salários mínimos,246412092995.44278
1084,2022-06,0.67,2022-06,Mais de 10 a 20 salários mínimos,235288897637.39722
1085,2022-06,0.67,2022-06,Mais de 2 a 3 salários mínimos,190905851665.15283
1086,2022-06,0.67,2022-06,Mais de 3 a 5 salários mínimos,257547930339.52292
1087,2022-06,0.67,2022-06,Mais de 5 a 10 salários mínimos,314592065162.0871
1088,2022-06,0.67,2022-06,Sem rendimento,2267447180.899746
1089,2022-07,-0.68,2022-07,Acima de 20 salários mínimos,340922273846.13525
1090,2022-07,-0.68,2022-07,Até 1 salário mínimo,89289920184.01562
1091,2022-07,-0.68,2022-07,Indisponível,157644753624.08585
1092,2022-07,-0.68,2022-07,Mais de 1 a 2 salários mínimos,247061281609.53787
1093,2022-07,-0.68,2022-07,Mais de 10 a 20 salários mínimos,233487146046.5694
1094,2022-07,-0.68,2022-07,Mais de 2 a 3 salários mínimos,190969906660.07794
1095,2022-07,-0.68,2022-07,Mais de 3 a 5 salários mínimos,257301638424.5699
1096,2022-07,-0.68,2022-07,Mais de 5 a 10 salários mínimos,313647791034.80115
1097,2022-07,-0.68,2022-07,Sem rendimento,1671353997.4623733
1098,2022-08,-0.36,2022-08,Acima de 20 salários mínimos,361137007400.1663
1099,2022-08,-0.36,2022-08,Até 1 salário mínimo,89470542100.28455
1100,2022-08,-0.36,2022-08,Indisponível,159812125745.58057
1101,2022-08,-0.36,2022-08,Mais de 1 a 2 salários mínimos,248860026488.38004
1102,2022-08,-0.36,2022-08,Mais de 10 a 20 salários mínimos,238871739868.10104
1103,2022-08,-0.36,2022-08,Mais de 2 a 3 salários mínimos,191151382198.92764
1104,2022-08,-0.36,2022-08,Mais de 3 a 5 salários mínimos,259797780804.00565
1105,2022-08,-0.36,2022-08,Mais de 5 a 10 salários mínimos,321426296324.75354
1106,2022-08,-0.36,2022-08,Sem rendimento,1760953541.1649237
1107,2022-09,-0.29,2022-09,Acima de 20 salários mínimos,374104137460.7158
1108,2022-09,-0.29,2022-09,Até 1 salário mínimo,91418231233.5107
1109,2022-09,-0.29,2022-09,Indisponível,166712789137.5287
1110,2022-09,-0.29,2022-09,Mais de 1 a 2 salários mínimos,251711145579.17273
1111,2022-09,-0.29,2022-09,Mais de 10 a 20 salários mínimos,243594941062.4921
1112,2022-09,-0.29,2022-09,Mais de 2 a 3 salários mínimos,191252968097.27563
1113,2022-09,-0.29,2022-09,Mais de 3 a 5 salários mínimos,261705801523.11523
1114,2022-09,-0.29,2022-09,Mais de 5 a 10 salários mínimos,324708147701.66223
1115,2022-09,-0.29,2022-09,Sem rendimento,1429099562.8956113
1116,2022-10,0.59,2022-10,Acima de 20 salários mínimos,380129080557.67377
1117,2022-10,0.59,2022-10,Até 1 salário mínimo,96729538016.30017
1118,2022-10,0.59,2022-10,Indisponível,179694172696.9896
1119,2022-10,0.59,2022-10,Mais de 1 a 2 salários mínimos,252407873962.88962
1120,2022-10,0.59,2022-10,Mais de 10 a 20 salários mínimos,245876594300.88513
1121,2022-10,0.59,2022-10,Mais de 2 a 3 salários mínimos,192599905897.52963
1122,2022-10,0.59,2022-10,Mais de 3 a 5 salários mínimos,262522862514.7042
1123,2022-10,0.59,2022-10,Mais de 5 a 10 salários mínimos,326074408110.1552
1124,2022-10,0.59,2022-10,Sem rendimento,1416001585.5261116
1125,2022-11,0.41,2022-11,Acima de 20 salários mínimos,378149901194.8936
1126,2022-11,0.41,2022-11,Até 1 salário mínimo,100420299331.6616
1127,2022-11,0.41,2022-11,Indisponível,184828745261.16165
1128,2022-11,0.41,2022-11,Mais de 1 a 2 salários mínimos,253864776731.00165
1129,2022-11,0.41,2022-11,Mais de 10 a 20 salários mínimos,246370545240.96478
1130,2022-11,0.41,2022-11,Mais de 2 a 3 salários mínimos,192542103366.70087
1131,2022-11,0.41,2022-11,Mais de 3 a 5 salários mínimos,262846639714.2777
1132,2022-11,0.41,2022-11,Mais de 5 a 10 salários mínimos,327326461247.6328
1133,2022-11,0.41,2022-11,Sem rendimento,1531959214.729932
1134,2022-12,0.62,2022-12,Acima de 20 salários mínimos,377551123926.55585
1135,2022-12,0.62,2022-12,Até 1 salário mínimo,107669694118.39044
1136,2022-12,0.62,2022-12,Indisponível,190349660022.67557
1137,2022-12,0.62,2022-12,Mais de 1 a 2 salários mínimos,270088580734.0567
1138,2022-12,0.62,2022-12,Mais de 10 a 20 salários mínimos,242771408944.22668
1139,2022-12,0.62,2022-12,Mais de 2 a 3 salários mínimos,185738559900.15564
1140,2022-12,0.62,2022-12,Mais de 3 a 5 salários mínimos,256988596198.89838
1141,2022-12,0.62,2022-12,Mais de 5 a 10 salários mínimos,323945310297.6875
1142,2022-12,0.62,2022-12,Sem rendimento,1609248037.0244558
1143,2023-01,0.53,2023-01,Acima de 20 salários mínimos,365242692099.3588
1144,2023-01,0.53,2023-01,Até 1 salário mínimo,121127817487.4877
1145,2023-01,0.53,2023-01,Indisponível,191883332131.16165
1146,2023-01,0.53,2023-01,Mais de 1 a 2 salários mínimos,276672270117.47925
1147,2023-01,0.53,2023-01,Mais de 10 a 20 salários mínimos,237781767128.08945
1148,2023-01,0.53,2023-01,Mais de 2 a 3 salários mínimos,185380168631.36426
1149,2023-01,0.53,2023-01,Mais de 3 a 5 salários mínimos,265758482419.7155
1150,2023-01,0.53,2023-01,Mais de 5 a 10 salários mínimos,318037863191.29803
1151,2023-01,0.53,2023-01,Sem rendimento,1622526106.7552478
1152,2023-02,0.84,2023-02,Acima de 20 salários mínimos,375421508338.53546
1153,2023-02,0.84,2023-02,Até 1 salário mínimo,116659991130.04584
1154,2023-02,0.84,2023-02,Indisponível,194899741570.84647
1155,2023-02,0.84,2023-02,Mais de 1 a 2 salários mínimos,270827131571.66772
1156,2023-02,0.84,2023-02,Mais de 10 a 20 salários mínimos,239883976969.19394
1157,2023-02,0.84,2023-02,Mais de 2 a 3 salários mínimos,184133534010.17206
1158,2023-02,0.84,2023-02,Mais de 3 a 5 salários mínimos,265380625371.4447
1159,2023-02,0.84,2023-02,Mais de 5 a 10 salários mínimos,319565439537.34436
1160,2023-02,0.84,2023-02,Sem rendimento,1555673413.3468378
1161,2023-03,0.71,2023-03,Acima de 20 salários mínimos,379507396491.9309
1162,2023-03,0.71,2023-03,Até 1 salário mínimo,115021083193.24924
1163,2023-03,0.71,2023-03,Indisponível,209999000272.074
1164,2023-03,0.71,2023-03,Mais de 1 a 2 salários mínimos,270109221291.7506
1165,2023-03,0.71,2023-03,Mais de 10 a 20 salários mínimos,236386976740.83987
1166,2023-03,0.71,2023-03,Mais de 2 a 3 salários mínimos,180308008902.90643
1167,2023-03,0.71,2023-03,Mais de 3 a 5 salários mínimos,265025961496.92526
1168,2023-03,0.71,2023-03,Mais de 5 a 10 salários mínimos,319787097686.8718
1169,2023-03,0.71,2023-03,Sem rendimento,1570395276.5361142
1170,2023-04,0.61,2023-04,Acima de 20 salários mínimos,385952735433.2881
1171,2023-04,0.61,2023-04,Até 1 salário mínimo,114025862527.6164
1172,2023-04,0.61,2023-04,Indisponível,207404673827.89462
1173,2023-04,0.61,2023-04,Mais de 1 a 2 salários mínimos,269205582855.46484
1174,2023-04,0.61,2023-04,Mais de 10 a 20 salários mínimos,238147455319.141
1175,2023-04,0.61,2023-04,Mais de 2 a 3 salários mínimos,179124993178.48532
1176,2023-04,0.61,2023-04,Mais de 3 a 5 salários mínimos,263490335585.7627
1177,2023-04,0.61,2023-04,Mais de 5 a 10 salários mínimos,319465502876.74854
1178,2023-04,0.61,2023-04,Sem rendimento,1736210767.8717403
1179,2023-05,0.23,2023-05,Acima de 20 salários mínimos,383865526140.0407
1180,2023-05,0.23,2023-05,Até 1 salário mínimo,115783689681.11522
1181,2023-05,0.23,2023-05,Indisponível,215394685389.67227
1182,2023-05,0.23,2023-05,Mais de 1 a 2 salários mínimos,268519239261.83804
1183,2023-05,0.23,2023-05,Mais de 10 a 20 salários mínimos,234841196527.37054
1184,2023-05,0.23,2023-05,Mais de 2 a 3 salários mínimos,177147106769.31946
1185,2023-05,0.23,2023-05,Mais de 3 a 5 salários mínimos,263492563398.34338
1186,2023-05,0.23,2023-05,Mais de 5 a 10 salários mínimos,315091383455.14636
1187,2023-05,0.23,2023-05,Sem rendimento,3279674861.958338
1188,2023-06,-0.08,2023-06,Acima de 20 salários mínimos,384830781181.2157
1189,2023-06,-0.08,2023-06,Até 1 salário mínimo,112099410894.51683
1190,2023-06,-0.08,2023-06,Indisponível,220117305243.2807
1191,2023-06,-0.08,2023-06,Mais de 1 a 2 salários mínimos,271101200830.0828
1192,2023-06,-0.08,2023-06,Mais de 10 a 20 salários mínimos,235890424653.57507
1193,2023-06,-0.08,2023-06,Mais de 2 a 3 salários mínimos,179506519236.18872
1194,2023-06,-0.08,2023-06,Mais de 3 a 5 salários mínimos,261830803188.51205
1195,2023-06,-0.08,2023-06,Mais de 5 a 10 salários mínimos,316123770633.7988
1196,2023-06,-0.08,2023-06,Sem rendimento,1812310500.8440917
1197,2023-07,0.12,2023-07,Acima de 20 salários mínimos,386914635851.0857
1198,2023-07,0.12,2023-07,Até 1 salário mínimo,110947490435.5286
1199,2023-07,0.12,2023-07,Indisponível,227187562002.89304
1200,2023-07,0.12,2023-07,Mais de 1 a 2 salários mínimos,271053725002.37827
1201,2023-07,0.12,2023-07,Mais de 10 a 20 salários mínimos,236309891326.07434
1202,2023-07,0.12,2023-07,Mais de 2 a 3 salários mínimos,179034124977.8275
1203,2023-07,0.12,2023-07,Mais de 3 a 5 salários mínimos,260629269695.8711
1204,2023-07,0.12,2023-07,Mais de 5 a 10 salários mínimos,315931983560.8661
1205,2023-07,0.12,2023-07,Sem rendimento,1829360371.374902
1206,2023-08,0.23,2023-08,Acima de 20 salários mínimos,399140971573.4287
1207,2023-08,0.23,2023-08,Até 1 salário mínimo,110473777505.00037
1208,2023-08,0.23,2023-08,Indisponível,222606823879.09918
1209,2023-08,0.23,2023-08,Mais de 1 a 2 salários mínimos,272085927642.77338
1210,2023-08,0.23,2023-08,Mais de 10 a 20 salários mínimos,240610568601.19858
1211,2023-08,0.23,2023-08,Mais de 2 a 3 salários mínimos,180490991744.28088
1212,2023-08,0.23,2023-08,Mais de 3 a 5 salários mínimos,263866374232.20093
1213,2023-08,0.23,2023-08,Mais de 5 a 10 salários mínimos,320636710046.3259
1214,2023-08,0.23,2023-08,Sem rendimento,5807246804.655615
