,data,valor,modalidade,longo_prazo_deflacionado
0,2012-06,2.31,Cartão de crédito,1161927174.4938993
1,2012-06,2.31,Empréstimo com consignação em folha,205517695427.61044
2,2012-06,2.31,Empréstimo sem consignação em folha,71900503146.798
3,2012-06,2.31,Habitacional,345440434109.2732
4,2012-06,2.31,Outros créditos,44776825226.79244
5,2012-06,2.31,Rural e agroindustrial,101013797349.5436
6,2012-06,2.31,Veículos,218812733585.87354
7,2012-07,2.26,Cartão de crédito,1899340537.4221241
8,2012-07,2.26,Empréstimo com consignação em folha,219531588864.56592
9,2012-07,2.26,Empréstimo sem consignação em folha,72869239339.75658
10,2012-07,2.26,Habitacional,355402708658.58417
11,2012-07,2.26,Outros créditos,47334411849.04208
12,2012-07,2.26,Rural e agroindustrial,101530925347.02678
13,2012-07,2.26,Veículos,217007278770.6201
14,2012-08,2.20,Cartão de crédito,1952137627.6016958
15,2012-08,2.20,Empréstimo com consignação em folha,222632951341.6555
16,2012-08,2.20,Empréstimo sem consignação em folha,73392504094.82704
17,2012-08,2.20,Habitacional,365662022860.44965
18,2012-08,2.20,Outros créditos,48986100154.434525
19,2012-08,2.20,Rural e agroindustrial,105017726639.3343
20,2012-08,2.20,Veículos,217356885921.5296
21,2012-09,2.20,Cartão de crédito,2144684440.4765835
22,2012-09,2.20,Empréstimo com consignação em folha,213434805133.88876
23,2012-09,2.20,Empréstimo sem consignação em folha,72958045384.8077
24,2012-09,2.20,Habitacional,368806210588.6179
25,2012-09,2.20,Outros créditos,48482648762.49768
26,2012-09,2.20,Rural e agroindustrial,104696003188.2603
27,2012-09,2.20,Veículos,212521398582.35855
28,2012-10,2.15,Cartão de crédito,2165184562.407205
29,2012-10,2.15,Empréstimo com consignação em folha,214758202151.01224
30,2012-10,2.15,Empréstimo sem consignação em folha,70715391451.07364
31,2012-10,2.15,Habitacional,377322699562.81244
32,2012-10,2.15,Outros créditos,51810452892.98573
33,2012-10,2.15,Rural e agroindustrial,104876726814.22804
34,2012-10,2.15,Veículos,210207023892.982
35,2012-11,2.11,Cartão de crédito,2200991038.035001
36,2012-11,2.11,Empréstimo com consignação em folha,216716515961.47092
37,2012-11,2.11,Empréstimo sem consignação em folha,70722171809.75801
38,2012-11,2.11,Habitacional,384156036340.1857
39,2012-11,2.11,Outros créditos,53278452512.89719
40,2012-11,2.11,Rural e agroindustrial,107269677777.7865
41,2012-11,2.11,Veículos,208015268298.10715
42,2012-12,2.03,Cartão de crédito,2221006278.6760426
43,2012-12,2.03,Empréstimo com consignação em folha,215181412045.7537
44,2012-12,2.03,Empréstimo sem consignação em folha,70790635313.61716
45,2012-12,2.03,Habitacional,392422139327.6711
46,2012-12,2.03,Outros créditos,54304315900.04811
47,2012-12,2.03,Rural e agroindustrial,111075444536.32156
48,2012-12,2.03,Veículos,205592324742.78168
49,2013-01,2.04,Cartão de crédito,2252301606.034723
50,2013-01,2.04,Empréstimo com consignação em folha,218008400379.0614
51,2013-01,2.04,Empréstimo sem consignação em folha,70396185950.9338
52,2013-01,2.04,Habitacional,398394339279.5525
53,2013-01,2.04,Outros créditos,55163714399.72464
54,2013-01,2.04,Rural e agroindustrial,111298442336.95615
55,2013-01,2.04,Veículos,202465644847.68573
56,2013-02,2.08,Cartão de crédito,2243498509.0476007
57,2013-02,2.08,Empréstimo com consignação em folha,219260699881.332
58,2013-02,2.08,Empréstimo sem consignação em folha,69804562148.25061
59,2013-02,2.08,Habitacional,402732082964.6367
60,2013-02,2.08,Outros créditos,55570500745.52998
61,2013-02,2.08,Rural e agroindustrial,112324726232.44678
62,2013-02,2.08,Veículos,198411589519.498
63,2013-03,2.04,Cartão de crédito,2249773647.2791514
64,2013-03,2.04,Empréstimo com consignação em folha,211336280584.45956
65,2013-03,2.04,Empréstimo sem consignação em folha,68167995596.59451
66,2013-03,2.04,Habitacional,411064341155.2815
67,2013-03,2.04,Outros créditos,53999972680.382385
68,2013-03,2.04,Rural e agroindustrial,115877754474.31487
69,2013-03,2.04,Veículos,191943045243.9628
70,2013-04,2.03,Cartão de crédito,2261663958.0200977
71,2013-04,2.03,Empréstimo com consignação em folha,225660624003.52908
72,2013-04,2.03,Empréstimo sem consignação em folha,69152572128.92264
73,2013-04,2.03,Habitacional,421550226698.83
74,2013-04,2.03,Outros créditos,56987727662.74496
75,2013-04,2.03,Rural e agroindustrial,120561106534.24266
76,2013-04,2.03,Veículos,192373690187.71704
77,2013-05,2.01,Cartão de crédito,2352419617.782937
78,2013-05,2.01,Empréstimo com consignação em folha,229344057630.45795
79,2013-05,2.01,Empréstimo sem consignação em folha,68695316765.44171
80,2013-05,2.01,Habitacional,433636491733.524
81,2013-05,2.01,Outros créditos,56597582901.55358
82,2013-05,2.01,Rural e agroindustrial,124654982082.02911
83,2013-05,2.01,Veículos,189198039036.24252
84,2013-06,2.02,Cartão de crédito,2727175041.8816047
85,2013-06,2.02,Empréstimo com consignação em folha,222544838907.3
86,2013-06,2.02,Empréstimo sem consignação em folha,67598030349.73214
87,2013-06,2.02,Habitacional,445203401611.71295
88,2013-06,2.02,Outros créditos,56163115185.00926
89,2013-06,2.02,Rural e agroindustrial,132431029069.24832
90,2013-06,2.02,Veículos,186766375992.5873
91,2013-07,2.05,Cartão de crédito,2473630241.759747
92,2013-07,2.05,Empréstimo com consignação em folha,234318057821.74792
93,2013-07,2.05,Empréstimo sem consignação em folha,68463912231.01525
94,2013-07,2.05,Habitacional,457079224795.2285
95,2013-07,2.05,Outros créditos,56002767798.7089
96,2013-07,2.05,Rural e agroindustrial,133505884944.11128
97,2013-07,2.05,Veículos,187141926336.21738
98,2013-08,2.06,Cartão de crédito,2589224057.6621847
99,2013-08,2.06,Empréstimo com consignação em folha,237314606014.7701
100,2013-08,2.06,Empréstimo sem consignação em folha,68771174659.32132
101,2013-08,2.06,Habitacional,469187931323.20966
102,2013-08,2.06,Outros créditos,56374056776.53326
103,2013-08,2.06,Rural e agroindustrial,134717820483.12389
104,2013-08,2.06,Veículos,184722363248.01846
105,2013-09,2.08,Cartão de crédito,2645589489.051656
106,2013-09,2.08,Empréstimo com consignação em folha,237232431866.14102
107,2013-09,2.08,Empréstimo sem consignação em folha,68431356784.85839
108,2013-09,2.08,Habitacional,475797144820.3247
109,2013-09,2.08,Outros créditos,57593917712.13931
110,2013-09,2.08,Rural e agroindustrial,134660038344.13321
111,2013-09,2.08,Veículos,182540431680.77618
112,2013-10,2.12,Cartão de crédito,2741196532.6614213
113,2013-10,2.12,Empréstimo com consignação em folha,240794543257.94247
114,2013-10,2.12,Empréstimo sem consignação em folha,68306007928.48232
115,2013-10,2.12,Habitacional,482478637746.1747
116,2013-10,2.12,Outros créditos,58924368517.46328
117,2013-10,2.12,Rural e agroindustrial,134207467460.19548
118,2013-10,2.12,Veículos,181073233789.9248
119,2013-11,2.13,Cartão de crédito,2818621227.4215875
120,2013-11,2.13,Empréstimo com consignação em folha,232569669103.92413
121,2013-11,2.13,Empréstimo sem consignação em folha,66804010705.37618
122,2013-11,2.13,Habitacional,491686804929.64777
123,2013-11,2.13,Outros créditos,59270815809.86378
124,2013-11,2.13,Rural e agroindustrial,135951212521.8452
125,2013-11,2.13,Veículos,177884685256.26343
126,2013-12,2.09,Cartão de crédito,2878583710.206265
127,2013-12,2.09,Empréstimo com consignação em folha,239499105486.6798
128,2013-12,2.09,Empréstimo sem consignação em folha,67673811940.35238
129,2013-12,2.09,Habitacional,500879898509.4701
130,2013-12,2.09,Outros créditos,59947796346.17451
131,2013-12,2.09,Rural e agroindustrial,139788846497.93958
132,2013-12,2.09,Veículos,177025950622.49106
133,2014-01,2.16,Cartão de crédito,2947288368.205911
134,2014-01,2.16,Empréstimo com consignação em folha,240092357814.1191
135,2014-01,2.16,Empréstimo sem consignação em folha,66265802711.93574
136,2014-01,2.16,Habitacional,505666914582.0117
137,2014-01,2.16,Outros créditos,59784668025.78709
138,2014-01,2.16,Rural e agroindustrial,141388012604.15594
139,2014-01,2.16,Veículos,174315216413.9117
140,2014-02,2.22,Cartão de crédito,2974979812.6021996
141,2014-02,2.22,Empréstimo com consignação em folha,243647313979.88675
142,2014-02,2.22,Empréstimo sem consignação em folha,65942641847.11555
143,2014-02,2.22,Habitacional,513402075668.7238
144,2014-02,2.22,Outros créditos,60339555895.59073
145,2014-02,2.22,Rural e agroindustrial,142790877888.064
146,2014-02,2.22,Veículos,172596969611.98743
147,2014-03,2.25,Cartão de crédito,2959337091.1550775
148,2014-03,2.25,Empréstimo com consignação em folha,246154413410.93903
149,2014-03,2.25,Empréstimo sem consignação em folha,64997728849.941185
150,2014-03,2.25,Habitacional,519154571954.56274
151,2014-03,2.25,Outros créditos,60947891622.231316
152,2014-03,2.25,Rural e agroindustrial,144482808361.3629
153,2014-03,2.25,Veículos,167294339018.53378
154,2014-04,2.22,Cartão de crédito,3365215937.264569
155,2014-04,2.22,Empréstimo com consignação em folha,251653069731.77014
156,2014-04,2.22,Empréstimo sem consignação em folha,64309782633.696266
157,2014-04,2.22,Habitacional,524839912816.2103
158,2014-04,2.22,Outros créditos,61140098491.71928
159,2014-04,2.22,Rural e agroindustrial,148849455644.44678
160,2014-04,2.22,Veículos,164132541243.9198
161,2014-05,2.23,Cartão de crédito,3374354576.164662
162,2014-05,2.23,Empréstimo com consignação em folha,253386098157.03583
163,2014-05,2.23,Empréstimo sem consignação em folha,63420098066.77403
164,2014-05,2.23,Habitacional,534070661907.8027
165,2014-05,2.23,Outros créditos,61798250067.343864
166,2014-05,2.23,Rural e agroindustrial,153087992690.05423
167,2014-05,2.23,Veículos,160785664744.54358
168,2014-06,2.24,Cartão de crédito,3233497594.22509
169,2014-06,2.24,Empréstimo com consignação em folha,255607639535.82297
170,2014-06,2.24,Empréstimo sem consignação em folha,60926691195.1381
171,2014-06,2.24,Habitacional,543322428988.6993
172,2014-06,2.24,Outros créditos,63197708620.27608
173,2014-06,2.24,Rural e agroindustrial,158899147804.8882
174,2014-06,2.24,Veículos,157518656286.94788
175,2014-07,2.25,Cartão de crédito,3111047139.158447
176,2014-07,2.25,Empréstimo com consignação em folha,257611890016.51477
177,2014-07,2.25,Empréstimo sem consignação em folha,60420503579.56073
178,2014-07,2.25,Habitacional,553512286524.153
179,2014-07,2.25,Outros créditos,64338428144.00362
180,2014-07,2.25,Rural e agroindustrial,159923105468.22766
181,2014-07,2.25,Veículos,155047003884.85147
182,2014-08,2.25,Cartão de crédito,2952460597.303864
183,2014-08,2.25,Empréstimo com consignação em folha,259185880611.5298
184,2014-08,2.25,Empréstimo sem consignação em folha,59934284674.50624
185,2014-08,2.25,Habitacional,569320835678.6431
186,2014-08,2.25,Outros créditos,61444738076.4112
187,2014-08,2.25,Rural e agroindustrial,159131688002.81775
188,2014-08,2.25,Veículos,153512233072.17258
189,2014-09,2.21,Cartão de crédito,2929693862.8375254
190,2014-09,2.21,Empréstimo com consignação em folha,259049870922.18048
191,2014-09,2.21,Empréstimo sem consignação em folha,60730950507.68341
192,2014-09,2.21,Habitacional,576950094555.4263
193,2014-09,2.21,Outros créditos,59114491173.40256
194,2014-09,2.21,Rural e agroindustrial,159708349946.6266
195,2014-09,2.21,Veículos,151939586993.29913
196,2014-10,2.26,Cartão de crédito,2912311012.7447934
197,2014-10,2.26,Empréstimo com consignação em folha,263764671121.9838
198,2014-10,2.26,Empréstimo sem consignação em folha,60237449980.47257
199,2014-10,2.26,Habitacional,587431000983.0466
200,2014-10,2.26,Outros créditos,61271821032.73353
201,2014-10,2.26,Rural e agroindustrial,158833708566.26575
202,2014-10,2.26,Veículos,150342314690.56216
203,2014-11,2.27,Cartão de crédito,2901183382.7001977
204,2014-11,2.27,Empréstimo com consignação em folha,265616276451.2025
205,2014-11,2.27,Empréstimo sem consignação em folha,59621470534.29342
206,2014-11,2.27,Habitacional,596260072317.7822
207,2014-11,2.27,Outros créditos,61352571138.83475
208,2014-11,2.27,Rural e agroindustrial,159898704144.52557
209,2014-11,2.27,Veículos,149233095936.3874
210,2014-12,2.21,Cartão de crédito,2905270410.4765625
211,2014-12,2.21,Empréstimo com consignação em folha,267225869970.90536
212,2014-12,2.21,Empréstimo sem consignação em folha,59625645534.034485
213,2014-12,2.21,Habitacional,606429412852.1791
214,2014-12,2.21,Outros créditos,61379157359.232834
215,2014-12,2.21,Rural e agroindustrial,163436038375.67245
216,2014-12,2.21,Veículos,149515674656.4647
217,2015-01,2.30,Cartão de crédito,2857179570.697986
218,2015-01,2.30,Empréstimo com consignação em folha,267292947443.0031
219,2015-01,2.30,Empréstimo sem consignação em folha,58953963515.91973
220,2015-01,2.30,Habitacional,613160059020.0754
221,2015-01,2.30,Outros créditos,61297766896.87584
222,2015-01,2.30,Rural e agroindustrial,162715902694.82562
223,2015-01,2.30,Veículos,147511100210.77487
224,2015-02,2.36,Cartão de crédito,2810480084.5807066
225,2015-02,2.36,Empréstimo com consignação em folha,267247421840.1377
226,2015-02,2.36,Empréstimo sem consignação em folha,58326063927.22998
227,2015-02,2.36,Habitacional,612556508638.3923
228,2015-02,2.36,Outros créditos,60690641843.52096
229,2015-02,2.36,Rural e agroindustrial,161403973988.0625
230,2015-02,2.36,Veículos,143754686152.5861
231,2015-03,2.37,Cartão de crédito,2671232869.4085655
232,2015-03,2.37,Empréstimo com consignação em folha,267306600685.61404
233,2015-03,2.37,Empréstimo sem consignação em folha,57797829739.38012
234,2015-03,2.37,Habitacional,616320853363.3358
235,2015-03,2.37,Outros créditos,60068890935.69732
236,2015-03,2.37,Rural e agroindustrial,160853482229.16562
237,2015-03,2.37,Veículos,139753697064.41
238,2015-04,2.42,Cartão de crédito,2685007187.0713463
239,2015-04,2.42,Empréstimo com consignação em folha,266287504387.26422
240,2015-04,2.42,Empréstimo sem consignação em folha,62322437444.26319
241,2015-04,2.42,Habitacional,619370121976.7747
242,2015-04,2.42,Outros créditos,59785866002.40026
243,2015-04,2.42,Rural e agroindustrial,159476069768.39594
244,2015-04,2.42,Veículos,136023017298.99329
245,2015-05,2.48,Cartão de crédito,2671195403.7278976
246,2015-05,2.48,Empréstimo com consignação em folha,266683756680.2756
247,2015-05,2.48,Empréstimo sem consignação em folha,62285156236.20701
248,2015-05,2.48,Habitacional,622497985070.3635
249,2015-05,2.48,Outros créditos,60418300115.620705
250,2015-05,2.48,Rural e agroindustrial,156891483332.8992
251,2015-05,2.48,Veículos,132691227607.41443
252,2015-06,2.52,Cartão de crédito,2747583805.763781
253,2015-06,2.52,Empréstimo com consignação em folha,267133194170.0547
254,2015-06,2.52,Empréstimo sem consignação em folha,62148445996.4359
255,2015-06,2.52,Habitacional,625641017809.2465
256,2015-06,2.52,Outros créditos,59415498876.1124
257,2015-06,2.52,Rural e agroindustrial,158633843300.5907
258,2015-06,2.52,Veículos,129814849847.27872
259,2015-07,2.58,Cartão de crédito,2455108538.2270846
260,2015-07,2.58,Empréstimo com consignação em folha,266857062952.8693
261,2015-07,2.58,Empréstimo sem consignação em folha,61839907121.92047
262,2015-07,2.58,Habitacional,628924530488.0875
263,2015-07,2.58,Outros créditos,59506553321.70791
264,2015-07,2.58,Rural e agroindustrial,162011561365.36246
265,2015-07,2.58,Veículos,127148582090.18431
266,2015-08,2.62,Cartão de crédito,2468228246.4858756
267,2015-08,2.62,Empréstimo com consignação em folha,266755286441.67578
268,2015-08,2.62,Empréstimo sem consignação em folha,60946935319.8575
269,2015-08,2.62,Habitacional,632165222796.5891
270,2015-08,2.62,Outros créditos,59758943348.447235
271,2015-08,2.62,Rural e agroindustrial,161909581637.55774
272,2015-08,2.62,Veículos,124236336897.247
273,2015-09,2.65,Cartão de crédito,2501601059.6591244
274,2015-09,2.65,Empréstimo com consignação em folha,268827200537.14587
275,2015-09,2.65,Empréstimo sem consignação em folha,60579536908.69916
276,2015-09,2.65,Habitacional,636942682947.9034
277,2015-09,2.65,Outros créditos,60775409706.458405
278,2015-09,2.65,Rural e agroindustrial,160955923087.43887
279,2015-09,2.65,Veículos,122474335076.6839
280,2015-10,2.71,Cartão de crédito,2500356324.9772096
281,2015-10,2.71,Empréstimo com consignação em folha,267109837392.92746
282,2015-10,2.71,Empréstimo sem consignação em folha,59865232470.76605
283,2015-10,2.71,Habitacional,640049352583.2205
284,2015-10,2.71,Outros créditos,60029159087.10753
285,2015-10,2.71,Rural e agroindustrial,157646036078.77145
286,2015-10,2.71,Veículos,119923067859.23724
287,2015-11,2.74,Cartão de crédito,2611758349.4585657
288,2015-11,2.74,Empréstimo com consignação em folha,265912362152.96567
289,2015-11,2.74,Empréstimo sem consignação em folha,59359152276.972435
290,2015-11,2.74,Habitacional,640053964381.7046
291,2015-11,2.74,Outros créditos,60275840751.63196
292,2015-11,2.74,Rural e agroindustrial,156412271401.13092
293,2015-11,2.74,Veículos,117483607084.30772
294,2015-12,2.68,Cartão de crédito,2644404910.71479
295,2015-12,2.68,Empréstimo com consignação em folha,263359019458.2387
296,2015-12,2.68,Empréstimo sem consignação em folha,58806265036.16254
297,2015-12,2.68,Habitacional,641236022848.14
298,2015-12,2.68,Outros créditos,59971421958.649765
299,2015-12,2.68,Rural e agroindustrial,155974447909.93033
300,2015-12,2.68,Veículos,115046809471.31328
301,2016-01,2.77,Cartão de crédito,2564909806.447918
302,2016-01,2.77,Empréstimo com consignação em folha,262179664746.50092
303,2016-01,2.77,Empréstimo sem consignação em folha,57530998676.31795
304,2016-01,2.77,Habitacional,638701024089.1051
305,2016-01,2.77,Outros créditos,59755156968.03243
306,2016-01,2.77,Rural e agroindustrial,154301894494.31503
307,2016-01,2.77,Veículos,112307091949.48877
308,2016-02,2.81,Cartão de crédito,2579019998.082254
309,2016-02,2.81,Empréstimo com consignação em folha,261138943482.33942
310,2016-02,2.81,Empréstimo sem consignação em folha,56613819210.48022
311,2016-02,2.81,Habitacional,634343915230.0955
312,2016-02,2.81,Outros créditos,58765182234.88059
313,2016-02,2.81,Rural e agroindustrial,152873830844.04364
314,2016-02,2.81,Veículos,109011320358.04832
315,2016-03,2.86,Cartão de crédito,2560245080.5546384
316,2016-03,2.86,Empréstimo com consignação em folha,260800531285.28064
317,2016-03,2.86,Empréstimo sem consignação em folha,56506865027.82133
318,2016-03,2.86,Habitacional,634336211851.377
319,2016-03,2.86,Outros créditos,58035516371.89044
320,2016-03,2.86,Rural e agroindustrial,154164484325.54385
321,2016-03,2.86,Veículos,105974718772.08441
322,2016-04,2.91,Cartão de crédito,2538412679.0113096
323,2016-04,2.91,Empréstimo com consignação em folha,260979322094.56958
324,2016-04,2.91,Empréstimo sem consignação em folha,56246057790.05576
325,2016-04,2.91,Habitacional,632122795909.6414
326,2016-04,2.91,Outros créditos,57601686275.91334
327,2016-04,2.91,Rural e agroindustrial,156982377738.90518
328,2016-04,2.91,Veículos,103932736346.08743
329,2016-05,2.93,Cartão de crédito,2530785586.9815383
330,2016-05,2.93,Empréstimo com consignação em folha,260313683832.25015
331,2016-05,2.93,Empréstimo sem consignação em folha,55826155367.3087
332,2016-05,2.93,Habitacional,632936775675.8628
333,2016-05,2.93,Outros créditos,57665665550.84665
334,2016-05,2.93,Rural e agroindustrial,158135687942.35083
335,2016-05,2.93,Veículos,101513971521.46405
336,2016-06,2.91,Cartão de crédito,2552702671.335103
337,2016-06,2.91,Empréstimo com consignação em folha,261070341507.09378
338,2016-06,2.91,Empréstimo sem consignação em folha,55563146715.25081
339,2016-06,2.91,Habitacional,633480472973.6897
340,2016-06,2.91,Outros créditos,57249200487.53237
341,2016-06,2.91,Rural e agroindustrial,162090085024.53973
342,2016-06,2.91,Veículos,99690923863.69313
343,2016-07,2.92,Cartão de crédito,2571639394.306188
344,2016-07,2.92,Empréstimo com consignação em folha,260953476738.05112
345,2016-07,2.92,Empréstimo sem consignação em folha,55234091377.53975
346,2016-07,2.92,Habitacional,636486698042.7745
347,2016-07,2.92,Outros créditos,57120460491.16435
348,2016-07,2.92,Rural e agroindustrial,160650566781.47992
349,2016-07,2.92,Veículos,98116827060.78108
350,2016-08,2.93,Cartão de crédito,2615863062.2070384
351,2016-08,2.93,Empréstimo com consignação em folha,260242956644.19568
352,2016-08,2.93,Empréstimo sem consignação em folha,54182035998.37621
353,2016-08,2.93,Habitacional,639180158500.0581
354,2016-08,2.93,Outros créditos,56638457790.686066
355,2016-08,2.93,Rural e agroindustrial,158069909035.1427
356,2016-08,2.93,Veículos,96608852158.8995
357,2016-09,2.97,Cartão de crédito,2548586277.3243427
358,2016-09,2.97,Empréstimo com consignação em folha,260709528320.87085
359,2016-09,2.97,Empréstimo sem consignação em folha,53870033298.27344
360,2016-09,2.97,Habitacional,640791681499.2786
361,2016-09,2.97,Outros créditos,56441324858.13797
362,2016-09,2.97,Rural e agroindustrial,153728776665.9034
363,2016-09,2.97,Veículos,95387682594.44023
364,2016-10,2.98,Cartão de crédito,2563207318.389523
365,2016-10,2.98,Empréstimo com consignação em folha,260868974782.63818
366,2016-10,2.98,Empréstimo sem consignação em folha,52662780325.080025
367,2016-10,2.98,Habitacional,636335103193.2336
368,2016-10,2.98,Outros créditos,56212806521.72271
369,2016-10,2.98,Rural e agroindustrial,150389168066.7777
370,2016-10,2.98,Veículos,93748339189.14626
371,2016-11,2.98,Cartão de crédito,2662814551.446188
372,2016-11,2.98,Empréstimo com consignação em folha,261038303196.6914
373,2016-11,2.98,Empréstimo sem consignação em folha,52136214735.7092
374,2016-11,2.98,Habitacional,640034542401.4315
375,2016-11,2.98,Outros créditos,56925305517.19965
376,2016-11,2.98,Rural e agroindustrial,149549181904.31854
377,2016-11,2.98,Veículos,93704706524.99597
378,2016-12,2.92,Cartão de crédito,2635407870.634733
379,2016-12,2.92,Empréstimo com consignação em folha,261039737563.4555
380,2016-12,2.92,Empréstimo sem consignação em folha,51454459745.26723
381,2016-12,2.92,Habitacional,645909527404.5508
382,2016-12,2.92,Outros créditos,56702808225.19992
383,2016-12,2.92,Rural e agroindustrial,151642904380.58093
384,2016-12,2.92,Veículos,94021846084.27316
385,2017-01,2.93,Cartão de crédito,2568642072.822685
386,2017-01,2.93,Empréstimo com consignação em folha,261722387817.36682
387,2017-01,2.93,Empréstimo sem consignação em folha,50984053143.01833
388,2017-01,2.93,Habitacional,647369032414.4595
389,2017-01,2.93,Outros créditos,56109496354.397224
390,2017-01,2.93,Rural e agroindustrial,151068405165.50623
391,2017-01,2.93,Veículos,93817133072.48119
392,2017-02,2.89,Cartão de crédito,2525600056.2654724
393,2017-02,2.89,Empréstimo com consignação em folha,263066184961.4702
394,2017-02,2.89,Empréstimo sem consignação em folha,51551692367.63086
395,2017-02,2.89,Habitacional,648524381032.002
396,2017-02,2.89,Outros créditos,55393497837.93025
397,2017-02,2.89,Rural e agroindustrial,151435495485.74728
398,2017-02,2.89,Veículos,93572026558.15579
399,2017-03,2.88,Cartão de crédito,2458994398.455119
400,2017-03,2.88,Empréstimo com consignação em folha,264339292247.89975
401,2017-03,2.88,Empréstimo sem consignação em folha,50989979603.743835
402,2017-03,2.88,Habitacional,650210489859.2635
403,2017-03,2.88,Outros créditos,54960315327.00927
404,2017-03,2.88,Rural e agroindustrial,154413225629.38275
405,2017-03,2.88,Veículos,93171703921.84778
406,2017-04,2.71,Cartão de crédito,2495416137.0585093
407,2017-04,2.71,Empréstimo com consignação em folha,264866679549.64243
408,2017-04,2.71,Empréstimo sem consignação em folha,50834381797.94471
409,2017-04,2.71,Habitacional,652050125724.5045
410,2017-04,2.71,Outros créditos,54297717241.694176
411,2017-04,2.71,Rural e agroindustrial,156776439347.29132
412,2017-04,2.71,Veículos,92687498232.95209
413,2017-05,2.59,Cartão de crédito,2792221690.3029566
414,2017-05,2.59,Empréstimo com consignação em folha,267860429523.8514
415,2017-05,2.59,Empréstimo sem consignação em folha,51306443411.65923
416,2017-05,2.59,Habitacional,655113999585.4255
417,2017-05,2.59,Outros créditos,53921479197.70864
418,2017-05,2.59,Rural e agroindustrial,158103481033.1478
419,2017-05,2.59,Veículos,92958083864.91283
420,2017-06,2.58,Cartão de crédito,3038193255.630035
421,2017-06,2.58,Empréstimo com consignação em folha,269560366632.98788
422,2017-06,2.58,Empréstimo sem consignação em folha,51432482338.98544
423,2017-06,2.58,Habitacional,657941079368.0433
424,2017-06,2.58,Outros créditos,53879910492.79575
425,2017-06,2.58,Rural e agroindustrial,162813455265.18112
426,2017-06,2.58,Veículos,93233950853.30655
427,2017-07,2.62,Cartão de crédito,3144271865.57312
428,2017-07,2.62,Empréstimo com consignação em folha,271811270927.93997
429,2017-07,2.62,Empréstimo sem consignação em folha,51696067892.442406
430,2017-07,2.62,Habitacional,664085833831.1216
431,2017-07,2.62,Outros créditos,57046944641.1781
432,2017-07,2.62,Rural e agroindustrial,157960473928.854
433,2017-07,2.62,Veículos,93819939389.66203
434,2017-08,2.56,Cartão de crédito,3225293659.136969
435,2017-08,2.56,Empréstimo com consignação em folha,273822345993.58942
436,2017-08,2.56,Empréstimo sem consignação em folha,51889280400.218544
437,2017-08,2.56,Habitacional,666970687887.8834
438,2017-08,2.56,Outros créditos,57103555252.07915
439,2017-08,2.56,Rural e agroindustrial,156780418226.99094
440,2017-08,2.56,Veículos,95028183768.48772
441,2017-09,2.44,Cartão de crédito,3252912811.3812723
442,2017-09,2.44,Empréstimo com consignação em folha,274814989180.66492
443,2017-09,2.44,Empréstimo sem consignação em folha,51930429789.680534
444,2017-09,2.44,Habitacional,668174565624.875
445,2017-09,2.44,Outros créditos,57105412159.13339
446,2017-09,2.44,Rural e agroindustrial,154635218642.54147
447,2017-09,2.44,Veículos,95822283668.37582
448,2017-10,2.46,Cartão de crédito,3153952320.670216
449,2017-10,2.46,Empréstimo com consignação em folha,276099385715.2068
450,2017-10,2.46,Empréstimo sem consignação em folha,51842351339.06802
451,2017-10,2.46,Habitacional,669282107323.3885
452,2017-10,2.46,Outros créditos,57351396437.2739
453,2017-10,2.46,Rural e agroindustrial,153002151082.55576
454,2017-10,2.46,Veículos,96806489449.55724
455,2017-11,2.42,Cartão de crédito,3297010635.0634046
456,2017-11,2.42,Empréstimo com consignação em folha,276462802648.0949
457,2017-11,2.42,Empréstimo sem consignação em folha,52328322934.354034
458,2017-11,2.42,Habitacional,669301434389.0648
459,2017-11,2.42,Outros créditos,56906715530.14111
460,2017-11,2.42,Rural e agroindustrial,152390313105.44925
461,2017-11,2.42,Veículos,98268072867.66342
462,2017-12,2.31,Cartão de crédito,3289116447.5208254
463,2017-12,2.31,Empréstimo com consignação em folha,276765466018.0096
464,2017-12,2.31,Empréstimo sem consignação em folha,52267506528.836586
465,2017-12,2.31,Habitacional,669672298530.7268
466,2017-12,2.31,Outros créditos,56639100208.38221
467,2017-12,2.31,Rural e agroindustrial,152816565642.08536
468,2017-12,2.31,Veículos,99771263907.93956
469,2018-01,2.33,Cartão de crédito,3305324859.4780264
470,2018-01,2.33,Empréstimo com consignação em folha,277142841717.62933
471,2018-01,2.33,Empréstimo sem consignação em folha,52357035095.31997
472,2018-01,2.33,Habitacional,668796436566.8489
473,2018-01,2.33,Outros créditos,56358430843.568985
474,2018-01,2.33,Rural e agroindustrial,152289746126.9885
475,2018-01,2.33,Veículos,101017694329.97105
476,2018-02,2.39,Cartão de crédito,3316939656.386894
477,2018-02,2.39,Empréstimo com consignação em folha,278545461484.587
478,2018-02,2.39,Empréstimo sem consignação em folha,52238207795.674774
479,2018-02,2.39,Habitacional,669043716066.2783
480,2018-02,2.39,Outros créditos,56225495505.2751
481,2018-02,2.39,Rural e agroindustrial,152173405017.2902
482,2018-02,2.39,Veículos,101624034987.36261
483,2018-03,2.37,Cartão de crédito,3417295917.5022964
484,2018-03,2.37,Empréstimo com consignação em folha,279959813308.33295
485,2018-03,2.37,Empréstimo sem consignação em folha,52284363488.28801
486,2018-03,2.37,Habitacional,669670440224.2072
487,2018-03,2.37,Outros créditos,56663238968.92347
488,2018-03,2.37,Rural e agroindustrial,154548257563.79224
489,2018-03,2.37,Veículos,102591529447.3268
490,2018-04,2.37,Cartão de crédito,3522319573.481287
491,2018-04,2.37,Empréstimo com consignação em folha,281686806639.60736
492,2018-04,2.37,Empréstimo sem consignação em folha,52703476361.60799
493,2018-04,2.37,Habitacional,672139263064.9863
494,2018-04,2.37,Outros créditos,57339181035.42096
495,2018-04,2.37,Rural e agroindustrial,158433030537.8838
496,2018-04,2.37,Veículos,104178765419.3711
497,2018-05,2.27,Cartão de crédito,3523785705.00178
498,2018-05,2.27,Empréstimo com consignação em folha,284797834975.10803
499,2018-05,2.27,Empréstimo sem consignação em folha,53461946068.737946
500,2018-05,2.27,Habitacional,674694582329.718
501,2018-05,2.27,Outros créditos,57287796753.35836
502,2018-05,2.27,Rural e agroindustrial,159623536689.30627
503,2018-05,2.27,Veículos,105185326583.39384
504,2018-06,2.24,Cartão de crédito,3648115319.3258286
505,2018-06,2.24,Empréstimo com consignação em folha,286187238306.6921
506,2018-06,2.24,Empréstimo sem consignação em folha,54065552246.36897
507,2018-06,2.24,Habitacional,676116023905.2717
508,2018-06,2.24,Outros créditos,57753567112.36504
509,2018-06,2.24,Rural e agroindustrial,162033687890.08536
510,2018-06,2.24,Veículos,105622706168.32028
511,2018-07,2.21,Cartão de crédito,3648447302.4551783
512,2018-07,2.21,Empréstimo com consignação em folha,285045975755.7886
513,2018-07,2.21,Empréstimo sem consignação em folha,54199504658.84372
514,2018-07,2.21,Habitacional,671389081376.4523
515,2018-07,2.21,Outros créditos,56936969083.28248
516,2018-07,2.21,Rural e agroindustrial,159166508236.18393
517,2018-07,2.21,Veículos,105398022207.03192
518,2018-08,2.20,Cartão de crédito,3707863600.2677984
519,2018-08,2.20,Empréstimo com consignação em folha,287490045978.5801
520,2018-08,2.20,Empréstimo sem consignação em folha,55648049040.003136
521,2018-08,2.20,Habitacional,673678172659.2024
522,2018-08,2.20,Outros créditos,58247762686.24126
523,2018-08,2.20,Rural e agroindustrial,159806999186.631
524,2018-08,2.20,Veículos,107277561839.71521
525,2018-09,2.20,Cartão de crédito,3886468417.7683883
526,2018-09,2.20,Empréstimo com consignação em folha,289799312022.3623
527,2018-09,2.20,Empréstimo sem consignação em folha,56946061602.66611
528,2018-09,2.20,Habitacional,677849026244.647
529,2018-09,2.20,Outros créditos,58117396054.33374
530,2018-09,2.20,Rural e agroindustrial,160536167823.9818
531,2018-09,2.20,Veículos,108714354761.78484
532,2018-10,2.21,Cartão de crédito,3843398492.81321
533,2018-10,2.21,Empréstimo com consignação em folha,291139380341.1579
534,2018-10,2.21,Empréstimo sem consignação em folha,57736605160.58343
535,2018-10,2.21,Habitacional,678570221692.3785
536,2018-10,2.21,Outros créditos,58457183895.79117
537,2018-10,2.21,Rural e agroindustrial,160958592951.92368
538,2018-10,2.21,Veículos,109971148832.22087
539,2018-11,2.21,Cartão de crédito,4146460087.0421624
540,2018-11,2.21,Empréstimo com consignação em folha,288141864775.6774
541,2018-11,2.21,Empréstimo sem consignação em folha,58217981951.00192
542,2018-11,2.21,Habitacional,679784440167.5913
543,2018-11,2.21,Outros créditos,56726000037.8867
544,2018-11,2.21,Rural e agroindustrial,160664805441.89764
545,2018-11,2.21,Veículos,110040656097.3049
546,2018-12,2.12,Cartão de crédito,4256088775.9021544
547,2018-12,2.12,Empréstimo com consignação em folha,290122306089.69147
548,2018-12,2.12,Empréstimo sem consignação em folha,59612570009.15247
549,2018-12,2.12,Habitacional,684428585654.5698
550,2018-12,2.12,Outros créditos,57268648865.28419
551,2018-12,2.12,Rural e agroindustrial,161013094127.58994
552,2018-12,2.12,Veículos,112237749747.14621
553,2019-01,2.21,Cartão de crédito,4323355898.387364
554,2019-01,2.21,Empréstimo com consignação em folha,292786620289.15466
555,2019-01,2.21,Empréstimo sem consignação em folha,60624686472.68433
556,2019-01,2.21,Habitacional,683705471895.2299
557,2019-01,2.21,Outros créditos,52854175060.16372
558,2019-01,2.21,Rural e agroindustrial,164478514977.47083
559,2019-01,2.21,Veículos,114184579042.18312
560,2019-02,2.25,Cartão de crédito,4660603484.60181
561,2019-02,2.25,Empréstimo com consignação em folha,296363812239.57477
562,2019-02,2.25,Empréstimo sem consignação em folha,59137675262.61716
563,2019-02,2.25,Habitacional,685734100947.7876
564,2019-02,2.25,Outros créditos,51775676985.44099
565,2019-02,2.25,Rural e agroindustrial,164372423931.01096
566,2019-02,2.25,Veículos,115875151945.98015
567,2019-03,2.28,Cartão de crédito,4746522728.736067
568,2019-03,2.28,Empréstimo com consignação em folha,297704623815.0903
569,2019-03,2.28,Empréstimo sem consignação em folha,59897189154.76838
570,2019-03,2.28,Habitacional,686127917780.2832
571,2019-03,2.28,Outros créditos,52658986853.456055
572,2019-03,2.28,Rural e agroindustrial,165043680861.67056
573,2019-03,2.28,Veículos,116260258251.50964
574,2019-04,2.28,Cartão de crédito,4913892541.768019
575,2019-04,2.28,Empréstimo com consignação em folha,300612014367.26587
576,2019-04,2.28,Empréstimo sem consignação em folha,60551371391.95315
577,2019-04,2.28,Habitacional,683889213143.0388
578,2019-04,2.28,Outros créditos,53809131667.44382
579,2019-04,2.28,Rural e agroindustrial,165492834691.68158
580,2019-04,2.28,Veículos,117352398490.8655
581,2019-05,2.27,Cartão de crédito,5021906589.806633
582,2019-05,2.27,Empréstimo com consignação em folha,303274143314.2431
583,2019-05,2.27,Empréstimo sem consignação em folha,61485296190.68395
584,2019-05,2.27,Habitacional,683572905829.3281
585,2019-05,2.27,Outros créditos,54825693452.32596
586,2019-05,2.27,Rural e agroindustrial,163836587593.60876
587,2019-05,2.27,Veículos,118708886359.35265
588,2019-06,2.28,Cartão de crédito,5185272014.34084
589,2019-06,2.28,Empréstimo com consignação em folha,306708834263.3332
590,2019-06,2.28,Empréstimo sem consignação em folha,62717474882.06035
591,2019-06,2.28,Habitacional,687187095869.5143
592,2019-06,2.28,Outros créditos,55119276353.67229
593,2019-06,2.28,Rural e agroindustrial,164362606565.37817
594,2019-06,2.28,Veículos,120214505543.37729
595,2019-07,2.26,Cartão de crédito,5480501134.843417
596,2019-07,2.26,Empréstimo com consignação em folha,311313670818.8817
597,2019-07,2.26,Empréstimo sem consignação em folha,63746370590.69852
598,2019-07,2.26,Habitacional,687223513735.8689
599,2019-07,2.26,Outros créditos,55441796840.27452
600,2019-07,2.26,Rural e agroindustrial,161298336435.96292
601,2019-07,2.26,Veículos,122303437350.7202
602,2019-08,2.27,Cartão de crédito,5642427598.679949
603,2019-08,2.27,Empréstimo com consignação em folha,315397650986.19965
604,2019-08,2.27,Empréstimo sem consignação em folha,64732186710.96635
605,2019-08,2.27,Habitacional,688222543736.2107
606,2019-08,2.27,Outros créditos,57314762378.93926
607,2019-08,2.27,Rural e agroindustrial,161864552944.37012
608,2019-08,2.27,Veículos,124724069951.18951
609,2019-09,2.22,Cartão de crédito,5733506084.216788
610,2019-09,2.22,Empréstimo com consignação em folha,319025701806.21014
611,2019-09,2.22,Empréstimo sem consignação em folha,65723752759.824585
612,2019-09,2.22,Habitacional,693659237047.2885
613,2019-09,2.22,Outros créditos,56730854586.052155
614,2019-09,2.22,Rural e agroindustrial,163742621107.89325
615,2019-09,2.22,Veículos,126891064635.12955
616,2019-10,2.17,Cartão de crédito,5869613107.385458
617,2019-10,2.17,Empréstimo com consignação em folha,323999221372.0949
618,2019-10,2.17,Empréstimo sem consignação em folha,67074923647.93063
619,2019-10,2.17,Habitacional,695594339925.38
620,2019-10,2.17,Outros créditos,57283618840.05424
621,2019-10,2.17,Rural e agroindustrial,165257562609.80734
622,2019-10,2.17,Veículos,129691052683.59491
623,2019-11,2.19,Cartão de crédito,6250064664.850101
624,2019-11,2.19,Empréstimo com consignação em folha,328479663598.9077
625,2019-11,2.19,Empréstimo sem consignação em folha,68506428337.8246
626,2019-11,2.19,Habitacional,700973846371.3608
627,2019-11,2.19,Outros créditos,57368057130.084915
628,2019-11,2.19,Rural e agroindustrial,166458520702.742
629,2019-11,2.19,Veículos,132505018184.723
630,2019-12,2.10,Cartão de crédito,6221143542.397485
631,2019-12,2.10,Empréstimo com consignação em folha,329511003877.69867
632,2019-12,2.10,Empréstimo sem consignação em folha,69288013050.26324
633,2019-12,2.10,Habitacional,702680840246.9991
634,2019-12,2.10,Outros créditos,57267030604.24111
635,2019-12,2.10,Rural e agroindustrial,166991677717.83502
636,2019-12,2.10,Veículos,134801274138.17274
637,2020-01,2.09,Cartão de crédito,6452981384.009932
638,2020-01,2.09,Empréstimo com consignação em folha,330547818880.4416
639,2020-01,2.09,Empréstimo sem consignação em folha,69843296069.88503
640,2020-01,2.09,Habitacional,696900159556.8159
641,2020-01,2.09,Outros créditos,58376317203.06879
642,2020-01,2.09,Rural e agroindustrial,166694662005.1972
643,2020-01,2.09,Veículos,135765552297.2382
644,2020-02,2.13,Cartão de crédito,6571046504.671197
645,2020-02,2.13,Empréstimo com consignação em folha,334539980296.66034
646,2020-02,2.13,Empréstimo sem consignação em folha,70887620741.26723
647,2020-02,2.13,Habitacional,698858457774.1063
648,2020-02,2.13,Outros créditos,58226863376.40763
649,2020-02,2.13,Rural e agroindustrial,167713494181.6659
650,2020-02,2.13,Veículos,136795538416.024
651,2020-03,2.10,Cartão de crédito,9164052364.154627
652,2020-03,2.10,Empréstimo com consignação em folha,337083545828.5277
653,2020-03,2.10,Empréstimo sem consignação em folha,71315206222.43175
654,2020-03,2.10,Habitacional,702126459693.0524
655,2020-03,2.10,Outros créditos,62765886135.08562
656,2020-03,2.10,Rural e agroindustrial,171569232733.8246
657,2020-03,2.10,Veículos,135843169532.0977
658,2020-04,2.02,Cartão de crédito,9651114162.116674
659,2020-04,2.02,Empréstimo com consignação em folha,338144916035.0656
660,2020-04,2.02,Empréstimo sem consignação em folha,72041118042.73048
661,2020-04,2.02,Habitacional,709164274697.0814
662,2020-04,2.02,Outros créditos,67209717393.851746
663,2020-04,2.02,Rural e agroindustrial,175260334181.46365
664,2020-04,2.02,Veículos,135016139193.19148
665,2020-05,1.97,Cartão de crédito,9771230829.166265
666,2020-05,1.97,Empréstimo com consignação em folha,340392460946.0449
667,2020-05,1.97,Empréstimo sem consignação em folha,72292712340.66072
668,2020-05,1.97,Habitacional,718687175106.7543
669,2020-05,1.97,Outros créditos,69927398101.24396
670,2020-05,1.97,Rural e agroindustrial,176312935242.0197
671,2020-05,1.97,Veículos,133808643564.02951
672,2020-06,1.87,Cartão de crédito,10028972446.645262
673,2020-06,1.87,Empréstimo com consignação em folha,344999123254.9413
674,2020-06,1.87,Empréstimo sem consignação em folha,74015632962.5906
675,2020-06,1.87,Habitacional,731751674269.1854
676,2020-06,1.87,Outros créditos,72511341705.71619
677,2020-06,1.87,Rural e agroindustrial,179558918570.776
678,2020-06,1.87,Veículos,134901829746.08157
679,2020-07,1.85,Cartão de crédito,10301346815.294735
680,2020-07,1.85,Empréstimo com consignação em folha,349592844308.9834
681,2020-07,1.85,Empréstimo sem consignação em folha,75635743651.55623
682,2020-07,1.85,Habitacional,737105940857.5344
683,2020-07,1.85,Outros créditos,73055047672.10133
684,2020-07,1.85,Rural e agroindustrial,179636118668.68155
685,2020-07,1.85,Veículos,135538030868.71484
686,2020-08,1.80,Cartão de crédito,10318027611.659891
687,2020-08,1.80,Empréstimo com consignação em folha,351723787003.1231
688,2020-08,1.80,Empréstimo sem consignação em folha,76236318128.66258
689,2020-08,1.80,Habitacional,743696482691.7845
690,2020-08,1.80,Outros créditos,75095124479.32002
691,2020-08,1.80,Rural e agroindustrial,181258132484.63602
692,2020-08,1.80,Veículos,136434805238.9424
693,2020-09,1.77,Cartão de crédito,10298428489.946419
694,2020-09,1.77,Empréstimo com consignação em folha,356916732815.2593
695,2020-09,1.77,Empréstimo sem consignação em folha,79383589254.10143
696,2020-09,1.77,Habitacional,749783633682.7543
697,2020-09,1.77,Outros créditos,76421743381.5483
698,2020-09,1.77,Rural e agroindustrial,184926065619.71417
699,2020-09,1.77,Veículos,138452814785.58145
700,2020-10,1.80,Cartão de crédito,10316054030.166203
701,2020-10,1.80,Empréstimo com consignação em folha,365973973986.5049
702,2020-10,1.80,Empréstimo sem consignação em folha,81585690532.31596
703,2020-10,1.80,Habitacional,753295285297.3151
704,2020-10,1.80,Outros créditos,77099663707.42229
705,2020-10,1.80,Rural e agroindustrial,186876489193.47992
706,2020-10,1.80,Veículos,139854925165.88837
707,2020-11,1.77,Cartão de crédito,10714312312.904388
708,2020-11,1.77,Empréstimo com consignação em folha,372575990927.734
709,2020-11,1.77,Empréstimo sem consignação em folha,85279348412.74452
710,2020-11,1.77,Habitacional,755815776740.1136
711,2020-11,1.77,Outros créditos,76918880353.83221
712,2020-11,1.77,Rural e agroindustrial,186686891165.38882
713,2020-11,1.77,Veículos,141597686642.72058
714,2020-12,1.74,Cartão de crédito,10335774550.59751
715,2020-12,1.74,Empréstimo com consignação em folha,375208471057.1546
716,2020-12,1.74,Empréstimo sem consignação em folha,87786294067.408
717,2020-12,1.74,Habitacional,758689109463.3303
718,2020-12,1.74,Outros créditos,76603065650.48079
719,2020-12,1.74,Rural e agroindustrial,188234414321.67087
720,2020-12,1.74,Veículos,143816618706.89008
721,2021-01,1.83,Cartão de crédito,10259581089.941483
722,2021-01,1.83,Empréstimo com consignação em folha,373504529981.6288
723,2021-01,1.83,Empréstimo sem consignação em folha,87212722394.9613
724,2021-01,1.83,Habitacional,754344790684.1779
725,2021-01,1.83,Outros créditos,75443055549.22139
726,2021-01,1.83,Rural e agroindustrial,187644278188.5089
727,2021-01,1.83,Veículos,142719633441.6863
728,2021-02,1.85,Cartão de crédito,10349142071.694895
729,2021-02,1.85,Empréstimo com consignação em folha,376402502902.30457
730,2021-02,1.85,Empréstimo sem consignação em folha,88782736332.41888
731,2021-02,1.85,Habitacional,759886266491.8394
732,2021-02,1.85,Outros créditos,75675782541.452
733,2021-02,1.85,Rural e agroindustrial,189284119324.00815
734,2021-02,1.85,Veículos,144108777118.79102
735,2021-03,1.87,Cartão de crédito,10835795603.912148
736,2021-03,1.87,Empréstimo com consignação em folha,377455854848.9002
737,2021-03,1.87,Empréstimo sem consignação em folha,90366903118.12946
738,2021-03,1.87,Habitacional,763624475841.0416
739,2021-03,1.87,Outros créditos,76835179211.60211
740,2021-03,1.87,Rural e agroindustrial,194788004541.42136
741,2021-03,1.87,Veículos,142909149116.07468
742,2021-04,1.89,Cartão de crédito,10484205430.00336
743,2021-04,1.89,Empréstimo com consignação em folha,382701125771.67883
744,2021-04,1.89,Empréstimo sem consignação em folha,91593261152.44157
745,2021-04,1.89,Habitacional,765640687048.5563
746,2021-04,1.89,Outros créditos,76709344943.7469
747,2021-04,1.89,Rural e agroindustrial,199629244490.43008
748,2021-04,1.89,Veículos,142503924440.6808
749,2021-05,1.85,Cartão de crédito,10520276207.795103
750,2021-05,1.85,Empréstimo com consignação em folha,390786798819.56537
751,2021-05,1.85,Empréstimo sem consignação em folha,93484007269.63326
752,2021-05,1.85,Habitacional,771577382736.6006
753,2021-05,1.85,Outros créditos,76839854388.33316
754,2021-05,1.85,Rural e agroindustrial,201282311261.05325
755,2021-05,1.85,Veículos,142952962673.99063
756,2021-06,1.85,Cartão de crédito,10705864699.583147
757,2021-06,1.85,Empréstimo com consignação em folha,395325504897.4685
758,2021-06,1.85,Empréstimo sem consignação em folha,95564786700.24509
759,2021-06,1.85,Habitacional,777190987134.7546
760,2021-06,1.85,Outros créditos,75970490211.37541
761,2021-06,1.85,Rural e agroindustrial,203785806448.16855
762,2021-06,1.85,Veículos,143236285334.2464
763,2021-07,1.85,Cartão de crédito,10876927644.86183
764,2021-07,1.85,Empréstimo com consignação em folha,408456564280.1153
765,2021-07,1.85,Empréstimo sem consignação em folha,98750407703.48186
766,2021-07,1.85,Habitacional,783478917963.2374
767,2021-07,1.85,Outros créditos,77370192672.57396
768,2021-07,1.85,Rural e agroindustrial,202039994677.43414
769,2021-07,1.85,Veículos,143781994012.6749
770,2021-08,1.89,Cartão de crédito,11027139900.65183
771,2021-08,1.89,Empréstimo com consignação em folha,411861339517.90204
772,2021-08,1.89,Empréstimo sem consignação em folha,101327887092.05847
773,2021-08,1.89,Habitacional,787450114230.9457
774,2021-08,1.89,Outros créditos,78787937750.66386
775,2021-08,1.89,Rural e agroindustrial,202708027626.1586
776,2021-08,1.89,Veículos,144528801089.45047
777,2021-09,1.93,Cartão de crédito,9112581756.218435
778,2021-09,1.93,Empréstimo com consignação em folha,414752191683.659
779,2021-09,1.93,Empréstimo sem consignação em folha,104501029017.53159
780,2021-09,1.93,Habitacional,790519675385.1351
781,2021-09,1.93,Outros créditos,81159808987.8632
782,2021-09,1.93,Rural e agroindustrial,204781098689.10077
783,2021-09,1.93,Veículos,145032511166.6637
784,2021-10,2.01,Cartão de crédito,11417214652.89717
785,2021-10,2.01,Empréstimo com consignação em folha,415333516424.5058
786,2021-10,2.01,Empréstimo sem consignação em folha,106039774200.34608
787,2021-10,2.01,Habitacional,790336370538.5991
788,2021-10,2.01,Outros créditos,79686973164.50453
789,2021-10,2.01,Rural e agroindustrial,208537526709.04233
790,2021-10,2.01,Veículos,144394224205.9438
791,2021-11,2.07,Cartão de crédito,11909240423.664206
792,2021-11,2.07,Empréstimo com consignação em folha,414435346264.86316
793,2021-11,2.07,Empréstimo sem consignação em folha,106079071473.33324
794,2021-11,2.07,Habitacional,789624914704.3796
795,2021-11,2.07,Outros créditos,79906636903.50429
796,2021-11,2.07,Rural e agroindustrial,208668457138.07504
797,2021-11,2.07,Veículos,143040960409.91547
798,2021-12,2.12,Cartão de crédito,12043165932.884872
799,2021-12,2.12,Empréstimo com consignação em folha,414331142594.54047
800,2021-12,2.12,Empréstimo sem consignação em folha,107817850933.90189
801,2021-12,2.12,Habitacional,791227456245.1062
802,2021-12,2.12,Outros créditos,79492152833.74152
803,2021-12,2.12,Rural e agroindustrial,211689090377.7059
804,2021-12,2.12,Veículos,142951423066.8447
805,2022-01,2.18,Cartão de crédito,11894983729.841219
806,2022-01,2.18,Empréstimo com consignação em folha,411478067538.59155
807,2022-01,2.18,Empréstimo sem consignação em folha,109712828486.59184
808,2022-01,2.18,Habitacional,791635980474.2683
809,2022-01,2.18,Outros créditos,79310542427.3572
810,2022-01,2.18,Rural e agroindustrial,212448113528.195
811,2022-01,2.18,Veículos,141999407680.1182
812,2022-02,2.22,Cartão de crédito,12209817190.84052
813,2022-02,2.22,Empréstimo com consignação em folha,410843500238.15643
814,2022-02,2.22,Empréstimo sem consignação em folha,111680739671.35811
815,2022-02,2.22,Habitacional,792895013226.2638
816,2022-02,2.22,Outros créditos,80387712420.32507
817,2022-02,2.22,Rural e agroindustrial,212780494684.29803
818,2022-02,2.22,Veículos,142123744692.06775
819,2022-03,2.31,Cartão de crédito,12507258261.25537
820,2022-03,2.31,Empréstimo com consignação em folha,411085858064.6673
821,2022-03,2.31,Empréstimo sem consignação em folha,113074094284.10443
822,2022-03,2.31,Habitacional,792085828387.1759
823,2022-03,2.31,Outros créditos,80993216107.72008
824,2022-03,2.31,Rural e agroindustrial,213137641567.2076
825,2022-03,2.31,Veículos,140696037969.47858
826,2022-04,2.34,Cartão de crédito,12604882820.054132
827,2022-04,2.34,Empréstimo com consignação em folha,414370425410.21704
828,2022-04,2.34,Empréstimo sem consignação em folha,111725645503.74388
829,2022-04,2.34,Habitacional,786062374753.4442
830,2022-04,2.34,Outros créditos,81757223832.46976
831,2022-04,2.34,Rural e agroindustrial,212891632733.59204
832,2022-04,2.34,Veículos,138474334733.9298
833,2022-05,2.37,Cartão de crédito,12923762438.702114
834,2022-05,2.37,Empréstimo com consignação em folha,415568823224.38293
835,2022-05,2.37,Empréstimo sem consignação em folha,111103849535.41077
836,2022-05,2.37,Habitacional,786400765864.366
837,2022-05,2.37,Outros créditos,82474629487.65773
838,2022-05,2.37,Rural e agroindustrial,212104354046.34988
839,2022-05,2.37,Veículos,137555720218.97342
840,2022-06,2.41,Cartão de crédito,13356572792.930922
841,2022-06,2.41,Empréstimo com consignação em folha,417665688410.4311
842,2022-06,2.41,Empréstimo sem consignação em folha,112237478610.90608
843,2022-06,2.41,Habitacional,792384745893.4451
844,2022-06,2.41,Outros créditos,84649685294.08562
845,2022-06,2.41,Rural e agroindustrial,217343613296.398
846,2022-06,2.41,Veículos,137494429316.28894
847,2022-07,2.48,Cartão de crédito,13583051252.739117
848,2022-07,2.48,Empréstimo com consignação em folha,418820444352.1573
849,2022-07,2.48,Empréstimo sem consignação em folha,112541825472.68077
850,2022-07,2.48,Habitacional,796908410759.1611
851,2022-07,2.48,Outros créditos,84809448629.07785
852,2022-07,2.48,Rural e agroindustrial,220942933402.2975
853,2022-07,2.48,Veículos,136452490922.75975
854,2022-08,2.50,Cartão de crédito,13197231788.281918
855,2022-08,2.50,Empréstimo com consignação em folha,426504384415.1428
856,2022-08,2.50,Empréstimo sem consignação em folha,115030078403.57362
857,2022-08,2.50,Habitacional,812750017346.3878
858,2022-08,2.50,Outros créditos,86571534677.75644
859,2022-08,2.50,Rural e agroindustrial,230691037036.78412
860,2022-08,2.50,Veículos,138551803289.5891
861,2022-09,2.49,Cartão de crédito,13766267324.563156
862,2022-09,2.49,Empréstimo com consignação em folha,432360800201.53107
863,2022-09,2.49,Empréstimo sem consignação em folha,117732818134.44295
864,2022-09,2.49,Habitacional,825483650559.2883
865,2022-09,2.49,Outros créditos,88439018280.29013
866,2022-09,2.49,Rural e agroindustrial,238944563280.58173
867,2022-09,2.49,Veículos,140019562266.34647
868,2022-10,2.59,Cartão de crédito,14457975455.356472
869,2022-10,2.59,Empréstimo com consignação em folha,441265908613.4186
870,2022-10,2.59,Empréstimo sem consignação em folha,118117489799.3839
871,2022-10,2.59,Habitacional,836909453508.6879
872,2022-10,2.59,Outros créditos,90615470966.93585
873,2022-10,2.59,Rural e agroindustrial,244626886591.40808
874,2022-10,2.59,Veículos,140760389410.55615
875,2022-11,2.64,Cartão de crédito,14875697311.504637
876,2022-11,2.64,Empréstimo com consignação em folha,443063775207.8062
877,2022-11,2.64,Empréstimo sem consignação em folha,119978380672.20306
878,2022-11,2.64,Habitacional,840729699043.406
879,2022-11,2.64,Outros créditos,90044328826.12476
880,2022-11,2.64,Rural e agroindustrial,247087947558.00162
881,2022-11,2.64,Veículos,141131793741.92108
882,2022-12,2.57,Cartão de crédito,14729123032.44982
883,2022-12,2.57,Empréstimo com consignação em folha,442702132269.0956
884,2022-12,2.57,Empréstimo sem consignação em folha,118883523463.24043
885,2022-12,2.57,Habitacional,845638176640.7845
886,2022-12,2.57,Outros créditos,91916687101.323
887,2022-12,2.57,Rural e agroindustrial,250224075710.48672
888,2022-12,2.57,Veículos,141417582595.7195
889,2023-01,2.61,Cartão de crédito,14715853276.212706
890,2023-01,2.61,Empréstimo com consignação em folha,446158272173.6333
891,2023-01,2.61,Empréstimo sem consignação em folha,119195492797.52132
892,2023-01,2.61,Habitacional,847286083473.8765
893,2023-01,2.61,Outros créditos,92309424711.47403
894,2023-01,2.61,Rural e agroindustrial,251167694172.02554
895,2023-01,2.61,Veículos,141295420865.7383
896,2023-02,2.63,Cartão de crédito,14877373369.42
897,2023-02,2.63,Empréstimo com consignação em folha,447076224634.97
898,2023-02,2.63,Empréstimo sem consignação em folha,119334568611.84
899,2023-02,2.63,Habitacional,849157660884.14
900,2023-02,2.63,Outros créditos,92900165832.2
901,2023-02,2.63,Rural e agroindustrial,252867922941.1
902,2023-02,2.63,Veículos,140608885472.77
903,2023-03,2.66,Cartão de crédito,18039790022.859367
904,2023-03,2.66,Empréstimo com consignação em folha,445083287462.809
905,2023-03,2.66,Empréstimo sem consignação em folha,119028994061.02776
906,2023-03,2.66,Habitacional,851661451367.4735
907,2023-03,2.66,Outros créditos,93189233123.9179
908,2023-03,2.66,Rural e agroindustrial,258580463484.29095
909,2023-03,2.66,Veículos,140381460392.6351
910,2023-04,2.70,Cartão de crédito,17767206165.3979
911,2023-04,2.70,Empréstimo com consignação em folha,443954298258.5537
912,2023-04,2.70,Empréstimo sem consignação em folha,118681818934.35529
913,2023-04,2.70,Habitacional,853368604704.375
914,2023-04,2.70,Outros créditos,92649599464.61378
915,2023-04,2.70,Rural e agroindustrial,260836383340.2708
916,2023-04,2.70,Veículos,139523046772.94873
917,2023-05,2.73,Cartão de crédito,16740164619.6053
918,2023-05,2.73,Empréstimo com consignação em folha,442812391514.60785
919,2023-05,2.73,Empréstimo sem consignação em folha,118571055686.83694
920,2023-05,2.73,Habitacional,855715469626.5413
921,2023-05,2.73,Outros créditos,93263014541.1007
922,2023-05,2.73,Rural e agroindustrial,260171061355.64508
923,2023-05,2.73,Veículos,139206079889.9544
924,2023-06,2.69,Cartão de crédito,18011480448.45948
925,2023-06,2.69,Empréstimo com consignação em folha,438930070829.64777
926,2023-06,2.69,Empréstimo sem consignação em folha,116800271471.32758
927,2023-06,2.69,Habitacional,862015201600.0507
928,2023-06,2.69,Outros créditos,93495774843.44572
929,2023-06,2.69,Rural e agroindustrial,262036289168.3707
930,2023-06,2.69,Veículos,140129029509.62283
931,2023-07,2.66,Cartão de crédito,17859792164.36138
932,2023-07,2.66,Empréstimo com consignação em folha,435551887990.7472
933,2023-07,2.66,Empréstimo sem consignação em folha,117305018433.81259
934,2023-07,2.66,Habitacional,870467995267.2162
935,2023-07,2.66,Outros créditos,93466998621.81422
936,2023-07,2.66,Rural e agroindustrial,261846944785.91626
937,2023-07,2.66,Veículos,141271727065.98633
938,2023-08,2.62,Cartão de crédito,18115430766.95381
939,2023-08,2.62,Empréstimo com consignação em folha,441036297667.91315
940,2023-08,2.62,Empréstimo sem consignação em folha,120324843974.17625
941,2023-08,2.62,Habitacional,877486850449.0775
942,2023-08,2.62,Outros créditos,93982228224.89964
943,2023-08,2.62,Rural e agroindustrial,268633425064.91437
944,2023-08,2.62,Veículos,143382901104.8031
