,data,valor,data_base,modalidade,valor_deflacionado
0,2012-06,0.08,2012-06,Cartão de crédito,1161927174.4938993
1,2012-06,0.08,2012-06,Empréstimo com consignação em folha,205517695427.61047
2,2012-06,0.08,2012-06,Empréstimo sem consignação em folha,71900503146.798
3,2012-06,0.08,2012-06,Habitacional,345440434109.27325
4,2012-06,0.08,2012-06,Outros créditos,44776825226.79244
5,2012-06,0.08,2012-06,Rural e agroindustrial,101013797349.54358
6,2012-06,0.08,2012-06,Veículos,218812733585.87354
7,2012-07,0.43,2012-07,Cartão de crédito,1899340537.4221241
8,2012-07,0.43,2012-07,Empréstimo com consignação em folha,219531588864.56592
9,2012-07,0.43,2012-07,Empréstimo sem consignação em folha,72869239339.75659
10,2012-07,0.43,2012-07,Habitacional,355402708658.58417
11,2012-07,0.43,2012-07,Outros créditos,47334411849.04208
12,2012-07,0.43,2012-07,Rural e agroindustrial,101530925347.02678
13,2012-07,0.43,2012-07,Veículos,217007278770.6201
14,2012-08,0.41,2012-08,Cartão de crédito,1952137627.601696
15,2012-08,0.41,2012-08,Empréstimo com consignação em folha,222632951341.65552
16,2012-08,0.41,2012-08,Empréstimo sem consignação em folha,73392504094.82704
17,2012-08,0.41,2012-08,Habitacional,365662022860.44965
18,2012-08,0.41,2012-08,Outros créditos,48986100154.43453
19,2012-08,0.41,2012-08,Rural e agroindustrial,105017726639.33432
20,2012-08,0.41,2012-08,Veículos,217356885921.5296
21,2012-09,0.57,2012-09,Cartão de crédito,2144684440.4765835
22,2012-09,0.57,2012-09,Empréstimo com consignação em folha,213434805133.88876
23,2012-09,0.57,2012-09,Empréstimo sem consignação em folha,72958045384.8077
24,2012-09,0.57,2012-09,Habitacional,368806210588.6179
25,2012-09,0.57,2012-09,Outros créditos,48482648762.49768
26,2012-09,0.57,2012-09,Rural e agroindustrial,104696003188.2603
27,2012-09,0.57,2012-09,Veículos,212521398582.35855
28,2012-10,0.59,2012-10,Cartão de crédito,2165184562.4072046
29,2012-10,0.59,2012-10,Empréstimo com consignação em folha,214758202151.01224
30,2012-10,0.59,2012-10,Empréstimo sem consignação em folha,70715391451.07364
31,2012-10,0.59,2012-10,Habitacional,377322699562.8124
32,2012-10,0.59,2012-10,Outros créditos,51810452892.985725
33,2012-10,0.59,2012-10,Rural e agroindustrial,104876726814.22803
34,2012-10,0.59,2012-10,Veículos,210207023892.982
35,2012-11,0.6,2012-11,Cartão de crédito,2200991038.0350013
36,2012-11,0.6,2012-11,Empréstimo com consignação em folha,216716515961.47095
37,2012-11,0.6,2012-11,Empréstimo sem consignação em folha,70722171809.758
38,2012-11,0.6,2012-11,Habitacional,384156036340.1857
39,2012-11,0.6,2012-11,Outros créditos,53278452512.89719
40,2012-11,0.6,2012-11,Rural e agroindustrial,107269677777.78648
41,2012-11,0.6,2012-11,Veículos,208015268298.10718
42,2012-12,0.79,2012-12,Cartão de crédito,2221006278.6760426
43,2012-12,0.79,2012-12,Empréstimo com consignação em folha,215181412045.7537
44,2012-12,0.79,2012-12,Empréstimo sem consignação em folha,70790635313.61716
45,2012-12,0.79,2012-12,Habitacional,392422139327.671
46,2012-12,0.79,2012-12,Outros créditos,54304315900.04811
47,2012-12,0.79,2012-12,Rural e agroindustrial,111075444536.32156
48,2012-12,0.79,2012-12,Veículos,205592324742.78168
49,2013-01,0.86,2013-01,Cartão de crédito,2252301606.034723
50,2013-01,0.86,2013-01,Empréstimo com consignação em folha,218008400379.0614
51,2013-01,0.86,2013-01,Empréstimo sem consignação em folha,70396185950.93382
52,2013-01,0.86,2013-01,Habitacional,398394339279.5525
53,2013-01,0.86,2013-01,Outros créditos,55163714399.72465
54,2013-01,0.86,2013-01,Rural e agroindustrial,111298442336.95613
55,2013-01,0.86,2013-01,Veículos,202465644847.68573
56,2013-02,0.6,2013-02,Cartão de crédito,2243498509.047601
57,2013-02,0.6,2013-02,Empréstimo com consignação em folha,219260699881.33203
58,2013-02,0.6,2013-02,Empréstimo sem consignação em folha,69804562148.25061
59,2013-02,0.6,2013-02,Habitacional,402732082964.6367
60,2013-02,0.6,2013-02,Outros créditos,55570500745.52998
61,2013-02,0.6,2013-02,Rural e agroindustrial,112324726232.44678
62,2013-02,0.6,2013-02,Veículos,198411589519.498
63,2013-03,0.47,2013-03,Cartão de crédito,2249773647.279151
64,2013-03,0.47,2013-03,Empréstimo com consignação em folha,211336280584.45956
65,2013-03,0.47,2013-03,Empréstimo sem consignação em folha,68167995596.59451
66,2013-03,0.47,2013-03,Habitacional,411064341155.2815
67,2013-03,0.47,2013-03,Outros créditos,53999972680.382385
68,2013-03,0.47,2013-03,Rural e agroindustrial,115877754474.31488
69,2013-03,0.47,2013-03,Veículos,191943045243.9628
70,2013-04,0.55,2013-04,Cartão de crédito,2261663958.0200977
71,2013-04,0.55,2013-04,Empréstimo com consignação em folha,225660624003.52908
72,2013-04,0.55,2013-04,Empréstimo sem consignação em folha,69152572128.92264
73,2013-04,0.55,2013-04,Habitacional,421550226698.83
74,2013-04,0.55,2013-04,Outros créditos,56987727662.744965
75,2013-04,0.55,2013-04,Rural e agroindustrial,120561106534.24266
76,2013-04,0.55,2013-04,Veículos,192373690187.71704
77,2013-05,0.37,2013-05,Cartão de crédito,2352419617.7829366
78,2013-05,0.37,2013-05,Empréstimo com consignação em folha,229344057630.45795
79,2013-05,0.37,2013-05,Empréstimo sem consignação em folha,68695316765.44172
80,2013-05,0.37,2013-05,Habitacional,433636491733.524
81,2013-05,0.37,2013-05,Outros créditos,56597582901.55358
82,2013-05,0.37,2013-05,Rural e agroindustrial,124654982082.02911
83,2013-05,0.37,2013-05,Veículos,189198039036.24255
84,2013-06,0.26,2013-06,Cartão de crédito,2727175041.881605
85,2013-06,0.26,2013-06,Empréstimo com consignação em folha,222544838907.30002
86,2013-06,0.26,2013-06,Empréstimo sem consignação em folha,67598030349.73214
87,2013-06,0.26,2013-06,Habitacional,445203401611.71295
88,2013-06,0.26,2013-06,Outros créditos,56163115185.009254
89,2013-06,0.26,2013-06,Rural e agroindustrial,132431029069.24834
90,2013-06,0.26,2013-06,Veículos,186766375992.58728
91,2013-07,0.03,2013-07,Cartão de crédito,2473630241.7597466
92,2013-07,0.03,2013-07,Empréstimo com consignação em folha,234318057821.74796
93,2013-07,0.03,2013-07,Empréstimo sem consignação em folha,68463912231.01525
94,2013-07,0.03,2013-07,Habitacional,457079224795.22845
95,2013-07,0.03,2013-07,Outros créditos,56002767798.70891
96,2013-07,0.03,2013-07,Rural e agroindustrial,133505884944.1113
97,2013-07,0.03,2013-07,Veículos,187141926336.21738
98,2013-08,0.24,2013-08,Cartão de crédito,2589224057.6621847
99,2013-08,0.24,2013-08,Empréstimo com consignação em folha,237314606014.77014
100,2013-08,0.24,2013-08,Empréstimo sem consignação em folha,68771174659.32132
101,2013-08,0.24,2013-08,Habitacional,469187931323.20966
102,2013-08,0.24,2013-08,Outros créditos,56374056776.533264
103,2013-08,0.24,2013-08,Rural e agroindustrial,134717820483.12387
104,2013-08,0.24,2013-08,Veículos,184722363248.01846
105,2013-09,0.35,2013-09,Cartão de crédito,2645589489.051656
106,2013-09,0.35,2013-09,Empréstimo com consignação em folha,237232431866.14105
107,2013-09,0.35,2013-09,Empréstimo sem consignação em folha,68431356784.85839
108,2013-09,0.35,2013-09,Habitacional,475797144820.3247
109,2013-09,0.35,2013-09,Outros créditos,57593917712.13932
110,2013-09,0.35,2013-09,Rural e agroindustrial,134660038344.13324
111,2013-09,0.35,2013-09,Veículos,182540431680.77618
112,2013-10,0.57,2013-10,Cartão de crédito,2741196532.6614213
113,2013-10,0.57,2013-10,Empréstimo com consignação em folha,240794543257.94247
114,2013-10,0.57,2013-10,Empréstimo sem consignação em folha,68306007928.48232
115,2013-10,0.57,2013-10,Habitacional,482478637746.1747
116,2013-10,0.57,2013-10,Outros créditos,58924368517.46328
117,2013-10,0.57,2013-10,Rural e agroindustrial,134207467460.19548
118,2013-10,0.57,2013-10,Veículos,181073233789.9248
119,2013-11,0.54,2013-11,Cartão de crédito,2818621227.4215875
120,2013-11,0.54,2013-11,Empréstimo com consignação em folha,232569669103.92413
121,2013-11,0.54,2013-11,Empréstimo sem consignação em folha,66804010705.37618
122,2013-11,0.54,2013-11,Habitacional,491686804929.6478
123,2013-11,0.54,2013-11,Outros créditos,59270815809.86378
124,2013-11,0.54,2013-11,Rural e agroindustrial,135951212521.84518
125,2013-11,0.54,2013-11,Veículos,177884685256.26343
126,2013-12,0.92,2013-12,Cartão de crédito,2878583710.206265
127,2013-12,0.92,2013-12,Empréstimo com consignação em folha,239499105486.6798
128,2013-12,0.92,2013-12,Empréstimo sem consignação em folha,67673811940.35239
129,2013-12,0.92,2013-12,Habitacional,500879898509.47015
130,2013-12,0.92,2013-12,Outros créditos,59947796346.174515
131,2013-12,0.92,2013-12,Rural e agroindustrial,139788846497.93954
132,2013-12,0.92,2013-12,Veículos,177025950622.49106
133,2014-01,0.55,2014-01,Cartão de crédito,2947288368.205911
134,2014-01,0.55,2014-01,Empréstimo com consignação em folha,240092357814.1191
135,2014-01,0.55,2014-01,Empréstimo sem consignação em folha,66265802711.93574
136,2014-01,0.55,2014-01,Habitacional,505666914582.01166
137,2014-01,0.55,2014-01,Outros créditos,59784668025.787094
138,2014-01,0.55,2014-01,Rural e agroindustrial,141388012604.15594
139,2014-01,0.55,2014-01,Veículos,174315216413.91174
140,2014-02,0.69,2014-02,Cartão de crédito,2974979812.6021996
141,2014-02,0.69,2014-02,Empréstimo com consignação em folha,243647313979.88675
142,2014-02,0.69,2014-02,Empréstimo sem consignação em folha,65942641847.11555
143,2014-02,0.69,2014-02,Habitacional,513402075668.7239
144,2014-02,0.69,2014-02,Outros créditos,60339555895.59073
145,2014-02,0.69,2014-02,Rural e agroindustrial,142790877888.064
146,2014-02,0.69,2014-02,Veículos,172596969611.98746
147,2014-03,0.92,2014-03,Cartão de crédito,2959337091.1550775
148,2014-03,0.92,2014-03,Empréstimo com consignação em folha,246154413410.939
149,2014-03,0.92,2014-03,Empréstimo sem consignação em folha,64997728849.941185
150,2014-03,0.92,2014-03,Habitacional,519154571954.5627
151,2014-03,0.92,2014-03,Outros créditos,60947891622.231316
152,2014-03,0.92,2014-03,Rural e agroindustrial,144482808361.36288
153,2014-03,0.92,2014-03,Veículos,167294339018.53375
154,2014-04,0.67,2014-04,Cartão de crédito,3365215937.2645693
155,2014-04,0.67,2014-04,Empréstimo com consignação em folha,251653069731.7701
156,2014-04,0.67,2014-04,Empréstimo sem consignação em folha,64309782633.69626
157,2014-04,0.67,2014-04,Habitacional,524839912816.21027
158,2014-04,0.67,2014-04,Outros créditos,61140098491.71928
159,2014-04,0.67,2014-04,Rural e agroindustrial,148849455644.44678
160,2014-04,0.67,2014-04,Veículos,164132541243.91977
161,2014-05,0.46,2014-05,Cartão de crédito,3374354576.1646614
162,2014-05,0.46,2014-05,Empréstimo com consignação em folha,253386098157.03583
163,2014-05,0.46,2014-05,Empréstimo sem consignação em folha,63420098066.77403
164,2014-05,0.46,2014-05,Habitacional,534070661907.8027
165,2014-05,0.46,2014-05,Outros créditos,61798250067.343864
166,2014-05,0.46,2014-05,Rural e agroindustrial,153087992690.05423
167,2014-05,0.46,2014-05,Veículos,160785664744.54358
168,2014-06,0.4,2014-06,Cartão de crédito,3233497594.2250896
169,2014-06,0.4,2014-06,Empréstimo com consignação em folha,255607639535.82297
170,2014-06,0.4,2014-06,Empréstimo sem consignação em folha,60926691195.1381
171,2014-06,0.4,2014-06,Habitacional,543322428988.69934
172,2014-06,0.4,2014-06,Outros créditos,63197708620.27607
173,2014-06,0.4,2014-06,Rural e agroindustrial,158899147804.8882
174,2014-06,0.4,2014-06,Veículos,157518656286.9479
175,2014-07,0.01,2014-07,Cartão de crédito,3111047139.1584463
176,2014-07,0.01,2014-07,Empréstimo com consignação em folha,257611890016.51477
177,2014-07,0.01,2014-07,Empréstimo sem consignação em folha,60420503579.56073
178,2014-07,0.01,2014-07,Habitacional,553512286524.153
179,2014-07,0.01,2014-07,Outros créditos,64338428144.00362
180,2014-07,0.01,2014-07,Rural e agroindustrial,159923105468.22766
181,2014-07,0.01,2014-07,Veículos,155047003884.85147
182,2014-08,0.25,2014-08,Cartão de crédito,2952460597.303864
183,2014-08,0.25,2014-08,Empréstimo com consignação em folha,259185880611.52982
184,2014-08,0.25,2014-08,Empréstimo sem consignação em folha,59934284674.50625
185,2014-08,0.25,2014-08,Habitacional,569320835678.6431
186,2014-08,0.25,2014-08,Outros créditos,61444738076.41121
187,2014-08,0.25,2014-08,Rural e agroindustrial,159131688002.81775
188,2014-08,0.25,2014-08,Veículos,153512233072.17258
189,2014-09,0.57,2014-09,Cartão de crédito,2929693862.8375254
190,2014-09,0.57,2014-09,Empréstimo com consignação em folha,259049870922.18048
191,2014-09,0.57,2014-09,Empréstimo sem consignação em folha,60730950507.68341
192,2014-09,0.57,2014-09,Habitacional,576950094555.4263
193,2014-09,0.57,2014-09,Outros créditos,59114491173.40256
194,2014-09,0.57,2014-09,Rural e agroindustrial,159708349946.62656
195,2014-09,0.57,2014-09,Veículos,151939586993.29913
196,2014-10,0.42,2014-10,Cartão de crédito,2912311012.744793
197,2014-10,0.42,2014-10,Empréstimo com consignação em folha,263764671121.98383
198,2014-10,0.42,2014-10,Empréstimo sem consignação em folha,60237449980.47258
199,2014-10,0.42,2014-10,Habitacional,587431000983.0466
200,2014-10,0.42,2014-10,Outros créditos,61271821032.73353
201,2014-10,0.42,2014-10,Rural e agroindustrial,158833708566.26575
202,2014-10,0.42,2014-10,Veículos,150342314690.56216
203,2014-11,0.51,2014-11,Cartão de crédito,2901183382.7001977
204,2014-11,0.51,2014-11,Empréstimo com consignação em folha,265616276451.20248
205,2014-11,0.51,2014-11,Empréstimo sem consignação em folha,59621470534.29343
206,2014-11,0.51,2014-11,Habitacional,596260072317.7822
207,2014-11,0.51,2014-11,Outros créditos,61352571138.83474
208,2014-11,0.51,2014-11,Rural e agroindustrial,159898704144.52557
209,2014-11,0.51,2014-11,Veículos,149233095936.38736
210,2014-12,0.78,2014-12,Cartão de crédito,2905270410.4765625
211,2014-12,0.78,2014-12,Empréstimo com consignação em folha,267225869970.9054
212,2014-12,0.78,2014-12,Empréstimo sem consignação em folha,59625645534.03449
213,2014-12,0.78,2014-12,Habitacional,606429412852.1791
214,2014-12,0.78,2014-12,Outros créditos,61379157359.232834
215,2014-12,0.78,2014-12,Rural e agroindustrial,163436038375.67245
216,2014-12,0.78,2014-12,Veículos,149515674656.4647
217,2015-01,1.24,2015-01,Cartão de crédito,2857179570.697986
218,2015-01,1.24,2015-01,Empréstimo com consignação em folha,267292947443.0031
219,2015-01,1.24,2015-01,Empréstimo sem consignação em folha,58953963515.91974
220,2015-01,1.24,2015-01,Habitacional,613160059020.0753
221,2015-01,1.24,2015-01,Outros créditos,61297766896.87585
222,2015-01,1.24,2015-01,Rural e agroindustrial,162715902694.8256
223,2015-01,1.24,2015-01,Veículos,147511100210.77484
224,2015-02,1.22,2015-02,Cartão de crédito,2810480084.5807066
225,2015-02,1.22,2015-02,Empréstimo com consignação em folha,267247421840.13766
226,2015-02,1.22,2015-02,Empréstimo sem consignação em folha,58326063927.22999
227,2015-02,1.22,2015-02,Habitacional,612556508638.3925
228,2015-02,1.22,2015-02,Outros créditos,60690641843.52095
229,2015-02,1.22,2015-02,Rural e agroindustrial,161403973988.0625
230,2015-02,1.22,2015-02,Veículos,143754686152.58606
231,2015-03,1.32,2015-03,Cartão de crédito,2671232869.408565
232,2015-03,1.32,2015-03,Empréstimo com consignação em folha,267306600685.61404
233,2015-03,1.32,2015-03,Empréstimo sem consignação em folha,57797829739.38012
234,2015-03,1.32,2015-03,Habitacional,616320853363.3358
235,2015-03,1.32,2015-03,Outros créditos,60068890935.69731
236,2015-03,1.32,2015-03,Rural e agroindustrial,160853482229.16562
237,2015-03,1.32,2015-03,Veículos,139753697064.40997
238,2015-04,0.71,2015-04,Cartão de crédito,2685007187.0713463
239,2015-04,0.71,2015-04,Empréstimo com consignação em folha,266287504387.2642
240,2015-04,0.71,2015-04,Empréstimo sem consignação em folha,62322437444.26319
241,2015-04,0.71,2015-04,Habitacional,619370121976.7747
242,2015-04,0.71,2015-04,Outros créditos,59785866002.40026
243,2015-04,0.71,2015-04,Rural e agroindustrial,159476069768.39594
244,2015-04,0.71,2015-04,Veículos,136023017298.99329
245,2015-05,0.74,2015-05,Cartão de crédito,2671195403.7278976
246,2015-05,0.74,2015-05,Empréstimo com consignação em folha,266683756680.27563
247,2015-05,0.74,2015-05,Empréstimo sem consignação em folha,62285156236.20701
248,2015-05,0.74,2015-05,Habitacional,622497985070.3636
249,2015-05,0.74,2015-05,Outros créditos,60418300115.6207
250,2015-05,0.74,2015-05,Rural e agroindustrial,156891483332.8992
251,2015-05,0.74,2015-05,Veículos,132691227607.41443
252,2015-06,0.79,2015-06,Cartão de crédito,2747583805.763781
253,2015-06,0.79,2015-06,Empréstimo com consignação em folha,267133194170.0547
254,2015-06,0.79,2015-06,Empréstimo sem consignação em folha,62148445996.435905
255,2015-06,0.79,2015-06,Habitacional,625641017809.2466
256,2015-06,0.79,2015-06,Outros créditos,59415498876.11239
257,2015-06,0.79,2015-06,Rural e agroindustrial,158633843300.5907
258,2015-06,0.79,2015-06,Veículos,129814849847.27872
259,2015-07,0.62,2015-07,Cartão de crédito,2455108538.227084
260,2015-07,0.62,2015-07,Empréstimo com consignação em folha,266857062952.8693
261,2015-07,0.62,2015-07,Empréstimo sem consignação em folha,61839907121.92048
262,2015-07,0.62,2015-07,Habitacional,628924530488.0875
263,2015-07,0.62,2015-07,Outros créditos,59506553321.70792
264,2015-07,0.62,2015-07,Rural e agroindustrial,162011561365.36246
265,2015-07,0.62,2015-07,Veículos,127148582090.18431
266,2015-08,0.22,2015-08,Cartão de crédito,2468228246.4858756
267,2015-08,0.22,2015-08,Empréstimo com consignação em folha,266755286441.67578
268,2015-08,0.22,2015-08,Empréstimo sem consignação em folha,60946935319.85749
269,2015-08,0.22,2015-08,Habitacional,632165222796.5891
270,2015-08,0.22,2015-08,Outros créditos,59758943348.447235
271,2015-08,0.22,2015-08,Rural e agroindustrial,161909581637.55774
272,2015-08,0.22,2015-08,Veículos,124236336897.247
273,2015-09,0.54,2015-09,Cartão de crédito,2501601059.6591244
274,2015-09,0.54,2015-09,Empréstimo com consignação em folha,268827200537.14594
275,2015-09,0.54,2015-09,Empréstimo sem consignação em folha,60579536908.69916
276,2015-09,0.54,2015-09,Habitacional,636942682947.9034
277,2015-09,0.54,2015-09,Outros créditos,60775409706.45841
278,2015-09,0.54,2015-09,Rural e agroindustrial,160955923087.43887
279,2015-09,0.54,2015-09,Veículos,122474335076.68391
280,2015-10,0.82,2015-10,Cartão de crédito,2500356324.9772096
281,2015-10,0.82,2015-10,Empréstimo com consignação em folha,267109837392.9275
282,2015-10,0.82,2015-10,Empréstimo sem consignação em folha,59865232470.76605
283,2015-10,0.82,2015-10,Habitacional,640049352583.2205
284,2015-10,0.82,2015-10,Outros créditos,60029159087.10754
285,2015-10,0.82,2015-10,Rural e agroindustrial,157646036078.77145
286,2015-10,0.82,2015-10,Veículos,119923067859.23724
287,2015-11,1.01,2015-11,Cartão de crédito,2611758349.4585657
288,2015-11,1.01,2015-11,Empréstimo com consignação em folha,265912362152.96567
289,2015-11,1.01,2015-11,Empréstimo sem consignação em folha,59359152276.97243
290,2015-11,1.01,2015-11,Habitacional,640053964381.7046
291,2015-11,1.01,2015-11,Outros créditos,60275840751.63196
292,2015-11,1.01,2015-11,Rural e agroindustrial,156412271401.13092
293,2015-11,1.01,2015-11,Veículos,117483607084.30771
294,2015-12,0.96,2015-12,Cartão de crédito,2644404910.71479
295,2015-12,0.96,2015-12,Empréstimo com consignação em folha,263359019458.23874
296,2015-12,0.96,2015-12,Empréstimo sem consignação em folha,58806265036.16254
297,2015-12,0.96,2015-12,Habitacional,641236022848.14
298,2015-12,0.96,2015-12,Outros créditos,59971421958.64977
299,2015-12,0.96,2015-12,Rural e agroindustrial,155974447909.93033
300,2015-12,0.96,2015-12,Veículos,115046809471.31328
301,2016-01,1.27,2016-01,Cartão de crédito,2564909806.447918
302,2016-01,1.27,2016-01,Empréstimo com consignação em folha,262179664746.5009
303,2016-01,1.27,2016-01,Empréstimo sem consignação em folha,57530998676.317955
304,2016-01,1.27,2016-01,Habitacional,638701024089.1051
305,2016-01,1.27,2016-01,Outros créditos,59755156968.03243
306,2016-01,1.27,2016-01,Rural e agroindustrial,154301894494.31503
307,2016-01,1.27,2016-01,Veículos,112307091949.48878
308,2016-02,0.9,2016-02,Cartão de crédito,2579019998.082254
309,2016-02,0.9,2016-02,Empréstimo com consignação em folha,261138943482.33942
310,2016-02,0.9,2016-02,Empréstimo sem consignação em folha,56613819210.48022
311,2016-02,0.9,2016-02,Habitacional,634343915230.0955
312,2016-02,0.9,2016-02,Outros créditos,58765182234.88059
313,2016-02,0.9,2016-02,Rural e agroindustrial,152873830844.04367
314,2016-02,0.9,2016-02,Veículos,109011320358.04832
315,2016-03,0.43,2016-03,Cartão de crédito,2560245080.554638
316,2016-03,0.43,2016-03,Empréstimo com consignação em folha,260800531285.28064
317,2016-03,0.43,2016-03,Empréstimo sem consignação em folha,56506865027.82133
318,2016-03,0.43,2016-03,Habitacional,634336211851.377
319,2016-03,0.43,2016-03,Outros créditos,58035516371.89045
320,2016-03,0.43,2016-03,Rural e agroindustrial,154164484325.54382
321,2016-03,0.43,2016-03,Veículos,105974718772.08441
322,2016-04,0.61,2016-04,Cartão de crédito,2538412679.0113096
323,2016-04,0.61,2016-04,Empréstimo com consignação em folha,260979322094.5696
324,2016-04,0.61,2016-04,Empréstimo sem consignação em folha,56246057790.05576
325,2016-04,0.61,2016-04,Habitacional,632122795909.6414
326,2016-04,0.61,2016-04,Outros créditos,57601686275.91333
327,2016-04,0.61,2016-04,Rural e agroindustrial,156982377738.90518
328,2016-04,0.61,2016-04,Veículos,103932736346.08743
329,2016-05,0.78,2016-05,Cartão de crédito,2530785586.981539
330,2016-05,0.78,2016-05,Empréstimo com consignação em folha,260313683832.25012
331,2016-05,0.78,2016-05,Empréstimo sem consignação em folha,55826155367.3087
332,2016-05,0.78,2016-05,Habitacional,632936775675.8627
333,2016-05,0.78,2016-05,Outros créditos,57665665550.84665
334,2016-05,0.78,2016-05,Rural e agroindustrial,158135687942.35083
335,2016-05,0.78,2016-05,Veículos,101513971521.46407
336,2016-06,0.35,2016-06,Cartão de crédito,2552702671.3351026
337,2016-06,0.35,2016-06,Empréstimo com consignação em folha,261070341507.0938
338,2016-06,0.35,2016-06,Empréstimo sem consignação em folha,55563146715.25082
339,2016-06,0.35,2016-06,Habitacional,633480472973.6897
340,2016-06,0.35,2016-06,Outros créditos,57249200487.532364
341,2016-06,0.35,2016-06,Rural e agroindustrial,162090085024.53973
342,2016-06,0.35,2016-06,Veículos,99690923863.69313
343,2016-07,0.52,2016-07,Cartão de crédito,2571639394.3061886
344,2016-07,0.52,2016-07,Empréstimo com consignação em folha,260953476738.05115
345,2016-07,0.52,2016-07,Empréstimo sem consignação em folha,55234091377.53974
346,2016-07,0.52,2016-07,Habitacional,636486698042.7745
347,2016-07,0.52,2016-07,Outros créditos,57120460491.16435
348,2016-07,0.52,2016-07,Rural e agroindustrial,160650566781.47992
349,2016-07,0.52,2016-07,Veículos,98116827060.78107
350,2016-08,0.44,2016-08,Cartão de crédito,2615863062.2070384
351,2016-08,0.44,2016-08,Empréstimo com consignação em folha,260242956644.19568
352,2016-08,0.44,2016-08,Empréstimo sem consignação em folha,54182035998.37621
353,2016-08,0.44,2016-08,Habitacional,639180158500.0581
354,2016-08,0.44,2016-08,Outros créditos,56638457790.686066
355,2016-08,0.44,2016-08,Rural e agroindustrial,158069909035.1427
356,2016-08,0.44,2016-08,Veículos,96608852158.89952
357,2016-09,0.08,2016-09,Cartão de crédito,2548586277.3243427
358,2016-09,0.08,2016-09,Empréstimo com consignação em folha,260709528320.87088
359,2016-09,0.08,2016-09,Empréstimo sem consignação em folha,53870033298.27343
360,2016-09,0.08,2016-09,Habitacional,640791681499.2786
361,2016-09,0.08,2016-09,Outros créditos,56441324858.13797
362,2016-09,0.08,2016-09,Rural e agroindustrial,153728776665.9034
363,2016-09,0.08,2016-09,Veículos,95387682594.44023
364,2016-10,0.26,2016-10,Cartão de crédito,2563207318.389523
365,2016-10,0.26,2016-10,Empréstimo com consignação em folha,260868974782.63818
366,2016-10,0.26,2016-10,Empréstimo sem consignação em folha,52662780325.080025
367,2016-10,0.26,2016-10,Habitacional,636335103193.2336
368,2016-10,0.26,2016-10,Outros créditos,56212806521.72272
369,2016-10,0.26,2016-10,Rural e agroindustrial,150389168066.7777
370,2016-10,0.26,2016-10,Veículos,93748339189.14626
371,2016-11,0.18,2016-11,Cartão de crédito,2662814551.446188
372,2016-11,0.18,2016-11,Empréstimo com consignação em folha,261038303196.69138
373,2016-11,0.18,2016-11,Empréstimo sem consignação em folha,52136214735.7092
374,2016-11,0.18,2016-11,Habitacional,640034542401.4315
375,2016-11,0.18,2016-11,Outros créditos,56925305517.19965
376,2016-11,0.18,2016-11,Rural e agroindustrial,149549181904.31854
377,2016-11,0.18,2016-11,Veículos,93704706524.99597
378,2016-12,0.3,2016-12,Cartão de crédito,2635407870.634733
379,2016-12,0.3,2016-12,Empréstimo com consignação em folha,261039737563.4555
380,2016-12,0.3,2016-12,Empréstimo sem consignação em folha,51454459745.26723
381,2016-12,0.3,2016-12,Habitacional,645909527404.5508
382,2016-12,0.3,2016-12,Outros créditos,56702808225.19993
383,2016-12,0.3,2016-12,Rural e agroindustrial,151642904380.58093
384,2016-12,0.3,2016-12,Veículos,94021846084.27316
385,2017-01,0.38,2017-01,Cartão de crédito,2568642072.822685
386,2017-01,0.38,2017-01,Empréstimo com consignação em folha,261722387817.36682
387,2017-01,0.38,2017-01,Empréstimo sem consignação em folha,50984053143.01834
388,2017-01,0.38,2017-01,Habitacional,647369032414.4595
389,2017-01,0.38,2017-01,Outros créditos,56109496354.397224
390,2017-01,0.38,2017-01,Rural e agroindustrial,151068405165.50623
391,2017-01,0.38,2017-01,Veículos,93817133072.48119
392,2017-02,0.33,2017-02,Cartão de crédito,2525600056.2654724
393,2017-02,0.33,2017-02,Empréstimo com consignação em folha,263066184961.4702
394,2017-02,0.33,2017-02,Empréstimo sem consignação em folha,51551692367.63086
395,2017-02,0.33,2017-02,Habitacional,648524381032.002
396,2017-02,0.33,2017-02,Outros créditos,55393497837.93025
397,2017-02,0.33,2017-02,Rural e agroindustrial,151435495485.74728
398,2017-02,0.33,2017-02,Veículos,93572026558.15579
399,2017-03,0.25,2017-03,Cartão de crédito,2458994398.455119
400,2017-03,0.25,2017-03,Empréstimo com consignação em folha,264339292247.89978
401,2017-03,0.25,2017-03,Empréstimo sem consignação em folha,50989979603.743835
402,2017-03,0.25,2017-03,Habitacional,650210489859.2635
403,2017-03,0.25,2017-03,Outros créditos,54960315327.00927
404,2017-03,0.25,2017-03,Rural e agroindustrial,154413225629.38275
405,2017-03,0.25,2017-03,Veículos,93171703921.84778
406,2017-04,0.14,2017-04,Cartão de crédito,2495416137.0585093
407,2017-04,0.14,2017-04,Empréstimo com consignação em folha,264866679549.6424
408,2017-04,0.14,2017-04,Empréstimo sem consignação em folha,50834381797.94471
409,2017-04,0.14,2017-04,Habitacional,652050125724.5045
410,2017-04,0.14,2017-04,Outros créditos,54297717241.694176
411,2017-04,0.14,2017-04,Rural e agroindustrial,156776439347.29132
412,2017-04,0.14,2017-04,Veículos,92687498232.95207
413,2017-05,0.31,2017-05,Cartão de crédito,2792221690.3029566
414,2017-05,0.31,2017-05,Empréstimo com consignação em folha,267860429523.85144
415,2017-05,0.31,2017-05,Empréstimo sem consignação em folha,51306443411.65924
416,2017-05,0.31,2017-05,Habitacional,655113999585.4255
417,2017-05,0.31,2017-05,Outros créditos,53921479197.70865
418,2017-05,0.31,2017-05,Rural e agroindustrial,158103481033.1478
419,2017-05,0.31,2017-05,Veículos,92958083864.91284
420,2017-06,-0.23,2017-06,Cartão de crédito,3038193255.630035
421,2017-06,-0.23,2017-06,Empréstimo com consignação em folha,269560366632.9879
422,2017-06,-0.23,2017-06,Empréstimo sem consignação em folha,51432482338.98544
423,2017-06,-0.23,2017-06,Habitacional,657941079368.0433
424,2017-06,-0.23,2017-06,Outros créditos,53879910492.79575
425,2017-06,-0.23,2017-06,Rural e agroindustrial,162813455265.18112
426,2017-06,-0.23,2017-06,Veículos,93233950853.30655
427,2017-07,0.24,2017-07,Cartão de crédito,3144271865.57312
428,2017-07,0.24,2017-07,Empréstimo com consignação em folha,271811270927.94
429,2017-07,0.24,2017-07,Empréstimo sem consignação em folha,51696067892.442406
430,2017-07,0.24,2017-07,Habitacional,664085833831.1216
431,2017-07,0.24,2017-07,Outros créditos,57046944641.1781
432,2017-07,0.24,2017-07,Rural e agroindustrial,157960473928.854
433,2017-07,0.24,2017-07,Veículos,93819939389.66205
434,2017-08,0.19,2017-08,Cartão de crédito,3225293659.1369686
435,2017-08,0.19,2017-08,Empréstimo com consignação em folha,273822345993.5894
436,2017-08,0.19,2017-08,Empréstimo sem consignação em folha,51889280400.218544
437,2017-08,0.19,2017-08,Habitacional,666970687887.8834
438,2017-08,0.19,2017-08,Outros créditos,57103555252.07915
439,2017-08,0.19,2017-08,Rural e agroindustrial,156780418226.9909
440,2017-08,0.19,2017-08,Veículos,95028183768.4877
441,2017-09,0.16,2017-09,Cartão de crédito,3252912811.3812723
442,2017-09,0.16,2017-09,Empréstimo com consignação em folha,274814989180.66492
443,2017-09,0.16,2017-09,Empréstimo sem consignação em folha,51930429789.68054
444,2017-09,0.16,2017-09,Habitacional,668174565624.875
445,2017-09,0.16,2017-09,Outros créditos,57105412159.13339
446,2017-09,0.16,2017-09,Rural e agroindustrial,154635218642.54147
447,2017-09,0.16,2017-09,Veículos,95822283668.37582
448,2017-10,0.42,2017-10,Cartão de crédito,3153952320.670216
449,2017-10,0.42,2017-10,Empréstimo com consignação em folha,276099385715.20685
450,2017-10,0.42,2017-10,Empréstimo sem consignação em folha,51842351339.06802
451,2017-10,0.42,2017-10,Habitacional,669282107323.3887
452,2017-10,0.42,2017-10,Outros créditos,57351396437.2739
453,2017-10,0.42,2017-10,Rural e agroindustrial,153002151082.55576
454,2017-10,0.42,2017-10,Veículos,96806489449.55724
455,2017-11,0.28,2017-11,Cartão de crédito,3297010635.0634046
456,2017-11,0.28,2017-11,Empréstimo com consignação em folha,276462802648.0949
457,2017-11,0.28,2017-11,Empréstimo sem consignação em folha,52328322934.354034
458,2017-11,0.28,2017-11,Habitacional,669301434389.0648
459,2017-11,0.28,2017-11,Outros créditos,56906715530.14111
460,2017-11,0.28,2017-11,Rural e agroindustrial,152390313105.44928
461,2017-11,0.28,2017-11,Veículos,98268072867.6634
462,2017-12,0.44,2017-12,Cartão de crédito,3289116447.5208254
463,2017-12,0.44,2017-12,Empréstimo com consignação em folha,276765466018.0096
464,2017-12,0.44,2017-12,Empréstimo sem consignação em folha,52267506528.83658
465,2017-12,0.44,2017-12,Habitacional,669672298530.7268
466,2017-12,0.44,2017-12,Outros créditos,56639100208.38221
467,2017-12,0.44,2017-12,Rural e agroindustrial,152816565642.08536
468,2017-12,0.44,2017-12,Veículos,99771263907.93956
469,2018-01,0.29,2018-01,Cartão de crédito,3305324859.4780264
470,2018-01,0.29,2018-01,Empréstimo com consignação em folha,277142841717.62933
471,2018-01,0.29,2018-01,Empréstimo sem consignação em folha,52357035095.31998
472,2018-01,0.29,2018-01,Habitacional,668796436566.8489
473,2018-01,0.29,2018-01,Outros créditos,56358430843.568985
474,2018-01,0.29,2018-01,Rural e agroindustrial,152289746126.9885
475,2018-01,0.29,2018-01,Veículos,101017694329.97105
476,2018-02,0.32,2018-02,Cartão de crédito,3316939656.386894
477,2018-02,0.32,2018-02,Empréstimo com consignação em folha,278545461484.587
478,2018-02,0.32,2018-02,Empréstimo sem consignação em folha,52238207795.674774
479,2018-02,0.32,2018-02,Habitacional,669043716066.2783
480,2018-02,0.32,2018-02,Outros créditos,56225495505.2751
481,2018-02,0.32,2018-02,Rural e agroindustrial,152173405017.2902
482,2018-02,0.32,2018-02,Veículos,101624034987.3626
483,2018-03,0.09,2018-03,Cartão de crédito,3417295917.5022964
484,2018-03,0.09,2018-03,Empréstimo com consignação em folha,279959813308.33295
485,2018-03,0.09,2018-03,Empréstimo sem consignação em folha,52284363488.28802
486,2018-03,0.09,2018-03,Habitacional,669670440224.2072
487,2018-03,0.09,2018-03,Outros créditos,56663238968.92347
488,2018-03,0.09,2018-03,Rural e agroindustrial,154548257563.79224
489,2018-03,0.09,2018-03,Veículos,102591529447.3268
490,2018-04,0.22,2018-04,Cartão de crédito,3522319573.481287
491,2018-04,0.22,2018-04,Empréstimo com consignação em folha,281686806639.6073
492,2018-04,0.22,2018-04,Empréstimo sem consignação em folha,52703476361.60799
493,2018-04,0.22,2018-04,Habitacional,672139263064.9863
494,2018-04,0.22,2018-04,Outros créditos,57339181035.42095
495,2018-04,0.22,2018-04,Rural e agroindustrial,158433030537.8838
496,2018-04,0.22,2018-04,Veículos,104178765419.3711
497,2018-05,0.4,2018-05,Cartão de crédito,3523785705.0017805
498,2018-05,0.4,2018-05,Empréstimo com consignação em folha,284797834975.10803
499,2018-05,0.4,2018-05,Empréstimo sem consignação em folha,53461946068.737946
500,2018-05,0.4,2018-05,Habitacional,674694582329.718
501,2018-05,0.4,2018-05,Outros créditos,57287796753.35836
502,2018-05,0.4,2018-05,Rural e agroindustrial,159623536689.30627
503,2018-05,0.4,2018-05,Veículos,105185326583.39384
504,2018-06,1.26,2018-06,Cartão de crédito,3648115319.325828
505,2018-06,1.26,2018-06,Empréstimo com consignação em folha,286187238306.6921
506,2018-06,1.26,2018-06,Empréstimo sem consignação em folha,54065552246.36897
507,2018-06,1.26,2018-06,Habitacional,676116023905.2716
508,2018-06,1.26,2018-06,Outros créditos,57753567112.36505
509,2018-06,1.26,2018-06,Rural e agroindustrial,162033687890.0854
510,2018-06,1.26,2018-06,Veículos,105622706168.32028
511,2018-07,0.33,2018-07,Cartão de crédito,3648447302.455178
512,2018-07,0.33,2018-07,Empréstimo com consignação em folha,285045975755.7886
513,2018-07,0.33,2018-07,Empréstimo sem consignação em folha,54199504658.84373
514,2018-07,0.33,2018-07,Habitacional,671389081376.4523
515,2018-07,0.33,2018-07,Outros créditos,56936969083.28248
516,2018-07,0.33,2018-07,Rural e agroindustrial,159166508236.18393
517,2018-07,0.33,2018-07,Veículos,105398022207.03192
518,2018-08,-0.09,2018-08,Cartão de crédito,3707863600.2677984
519,2018-08,-0.09,2018-08,Empréstimo com consignação em folha,287490045978.58014
520,2018-08,-0.09,2018-08,Empréstimo sem consignação em folha,55648049040.003136
521,2018-08,-0.09,2018-08,Habitacional,673678172659.2024
522,2018-08,-0.09,2018-08,Outros créditos,58247762686.24126
523,2018-08,-0.09,2018-08,Rural e agroindustrial,159806999186.63104
524,2018-08,-0.09,2018-08,Veículos,107277561839.71521
525,2018-09,0.48,2018-09,Cartão de crédito,3886468417.7683883
526,2018-09,0.48,2018-09,Empréstimo com consignação em folha,289799312022.3623
527,2018-09,0.48,2018-09,Empréstimo sem consignação em folha,56946061602.6661
528,2018-09,0.48,2018-09,Habitacional,677849026244.647
529,2018-09,0.48,2018-09,Outros créditos,58117396054.33374
530,2018-09,0.48,2018-09,Rural e agroindustrial,160536167823.9818
531,2018-09,0.48,2018-09,Veículos,108714354761.78484
532,2018-10,0.45,2018-10,Cartão de crédito,3843398492.81321
533,2018-10,0.45,2018-10,Empréstimo com consignação em folha,291139380341.1579
534,2018-10,0.45,2018-10,Empréstimo sem consignação em folha,57736605160.58343
535,2018-10,0.45,2018-10,Habitacional,678570221692.3784
536,2018-10,0.45,2018-10,Outros créditos,58457183895.79117
537,2018-10,0.45,2018-10,Rural e agroindustrial,160958592951.92368
538,2018-10,0.45,2018-10,Veículos,109971148832.22087
539,2018-11,-0.21,2018-11,Cartão de crédito,4146460087.0421624
540,2018-11,-0.21,2018-11,Empréstimo com consignação em folha,288141864775.6774
541,2018-11,-0.21,2018-11,Empréstimo sem consignação em folha,58217981951.00192
542,2018-11,-0.21,2018-11,Habitacional,679784440167.5913
543,2018-11,-0.21,2018-11,Outros créditos,56726000037.8867
544,2018-11,-0.21,2018-11,Rural e agroindustrial,160664805441.89764
545,2018-11,-0.21,2018-11,Veículos,110040656097.3049
546,2018-12,0.15,2018-12,Cartão de crédito,4256088775.902155
547,2018-12,0.15,2018-12,Empréstimo com consignação em folha,290122306089.69147
548,2018-12,0.15,2018-12,Empréstimo sem consignação em folha,59612570009.15247
549,2018-12,0.15,2018-12,Habitacional,684428585654.5698
550,2018-12,0.15,2018-12,Outros créditos,57268648865.28419
551,2018-12,0.15,2018-12,Rural e agroindustrial,161013094127.58994
552,2018-12,0.15,2018-12,Veículos,112237749747.14621
553,2019-01,0.32,2019-01,Cartão de crédito,4323355898.387364
554,2019-01,0.32,2019-01,Empréstimo com consignação em folha,292786620289.15466
555,2019-01,0.32,2019-01,Empréstimo sem consignação em folha,60624686472.68434
556,2019-01,0.32,2019-01,Habitacional,683705471895.2299
557,2019-01,0.32,2019-01,Outros créditos,52854175060.16372
558,2019-01,0.32,2019-01,Rural e agroindustrial,164478514977.4708
559,2019-01,0.32,2019-01,Veículos,114184579042.1831
560,2019-02,0.43,2019-02,Cartão de crédito,4660603484.60181
561,2019-02,0.43,2019-02,Empréstimo com consignação em folha,296363812239.57477
562,2019-02,0.43,2019-02,Empréstimo sem consignação em folha,59137675262.61716
563,2019-02,0.43,2019-02,Habitacional,685734100947.7876
564,2019-02,0.43,2019-02,Outros créditos,51775676985.440994
565,2019-02,0.43,2019-02,Rural e agroindustrial,164372423931.01096
566,2019-02,0.43,2019-02,Veículos,115875151945.98016
567,2019-03,0.75,2019-03,Cartão de crédito,4746522728.736068
568,2019-03,0.75,2019-03,Empréstimo com consignação em folha,297704623815.0903
569,2019-03,0.75,2019-03,Empréstimo sem consignação em folha,59897189154.76838
570,2019-03,0.75,2019-03,Habitacional,686127917780.2832
571,2019-03,0.75,2019-03,Outros créditos,52658986853.45606
572,2019-03,0.75,2019-03,Rural e agroindustrial,165043680861.67056
573,2019-03,0.75,2019-03,Veículos,116260258251.50964
574,2019-04,0.57,2019-04,Cartão de crédito,4913892541.768019
575,2019-04,0.57,2019-04,Empréstimo com consignação em folha,300612014367.2658
576,2019-04,0.57,2019-04,Empréstimo sem consignação em folha,60551371391.95314
577,2019-04,0.57,2019-04,Habitacional,683889213143.0388
578,2019-04,0.57,2019-04,Outros créditos,53809131667.44382
579,2019-04,0.57,2019-04,Rural e agroindustrial,165492834691.68155
580,2019-04,0.57,2019-04,Veículos,117352398490.86548
581,2019-05,0.13,2019-05,Cartão de crédito,5021906589.806633
582,2019-05,0.13,2019-05,Empréstimo com consignação em folha,303274143314.2431
583,2019-05,0.13,2019-05,Empréstimo sem consignação em folha,61485296190.68395
584,2019-05,0.13,2019-05,Habitacional,683572905829.3281
585,2019-05,0.13,2019-05,Outros créditos,54825693452.32595
586,2019-05,0.13,2019-05,Rural e agroindustrial,163836587593.60876
587,2019-05,0.13,2019-05,Veículos,118708886359.35263
588,2019-06,0.01,2019-06,Cartão de crédito,5185272014.34084
589,2019-06,0.01,2019-06,Empréstimo com consignação em folha,306708834263.3332
590,2019-06,0.01,2019-06,Empréstimo sem consignação em folha,62717474882.06035
591,2019-06,0.01,2019-06,Habitacional,687187095869.5143
592,2019-06,0.01,2019-06,Outros créditos,55119276353.67228
593,2019-06,0.01,2019-06,Rural e agroindustrial,164362606565.37817
594,2019-06,0.01,2019-06,Veículos,120214505543.37729
595,2019-07,0.19,2019-07,Cartão de crédito,5480501134.843417
596,2019-07,0.19,2019-07,Empréstimo com consignação em folha,311313670818.8817
597,2019-07,0.19,2019-07,Empréstimo sem consignação em folha,63746370590.69852
598,2019-07,0.19,2019-07,Habitacional,687223513735.8689
599,2019-07,0.19,2019-07,Outros créditos,55441796840.27452
600,2019-07,0.19,2019-07,Rural e agroindustrial,161298336435.96292
601,2019-07,0.19,2019-07,Veículos,122303437350.72021
602,2019-08,0.11,2019-08,Cartão de crédito,5642427598.679949
603,2019-08,0.11,2019-08,Empréstimo com consignação em folha,315397650986.19965
604,2019-08,0.11,2019-08,Empréstimo sem consignação em folha,64732186710.966354
605,2019-08,0.11,2019-08,Habitacional,688222543736.2107
606,2019-08,0.11,2019-08,Outros créditos,57314762378.939255
607,2019-08,0.11,2019-08,Rural e agroindustrial,161864552944.37015
608,2019-08,0.11,2019-08,Veículos,124724069951.18951
609,2019-09,-0.04,2019-09,Cartão de crédito,5733506084.216788
610,2019-09,-0.04,2019-09,Empréstimo com consignação em folha,319025701806.21014
611,2019-09,-0.04,2019-09,Empréstimo sem consignação em folha,65723752759.82458
612,2019-09,-0.04,2019-09,Habitacional,693659237047.2886
613,2019-09,-0.04,2019-09,Outros créditos,56730854586.052155
614,2019-09,-0.04,2019-09,Rural e agroindustrial,163742621107.89325
615,2019-09,-0.04,2019-09,Veículos,126891064635.12955
616,2019-10,0.1,2019-10,Cartão de crédito,5869613107.385458
617,2019-10,0.1,2019-10,Empréstimo com consignação em folha,323999221372.0949
618,2019-10,0.1,2019-10,Empréstimo sem consignação em folha,67074923647.93063
619,2019-10,0.1,2019-10,Habitacional,695594339925.3801
620,2019-10,0.1,2019-10,Outros créditos,57283618840.05424
621,2019-10,0.1,2019-10,Rural e agroindustrial,165257562609.8073
622,2019-10,0.1,2019-10,Veículos,129691052683.59491
623,2019-11,0.51,2019-11,Cartão de crédito,6250064664.850101
624,2019-11,0.51,2019-11,Empréstimo com consignação em folha,328479663598.9077
625,2019-11,0.51,2019-11,Empréstimo sem consignação em folha,68506428337.82461
626,2019-11,0.51,2019-11,Habitacional,700973846371.3608
627,2019-11,0.51,2019-11,Outros créditos,57368057130.08491
628,2019-11,0.51,2019-11,Rural e agroindustrial,166458520702.742
629,2019-11,0.51,2019-11,Veículos,132505018184.72302
630,2019-12,1.15,2019-12,Cartão de crédito,6221143542.397485
631,2019-12,1.15,2019-12,Empréstimo com consignação em folha,329511003877.69867
632,2019-12,1.15,2019-12,Empréstimo sem consignação em folha,69288013050.26326
633,2019-12,1.15,2019-12,Habitacional,702680840246.9991
634,2019-12,1.15,2019-12,Outros créditos,57267030604.241104
635,2019-12,1.15,2019-12,Rural e agroindustrial,166991677717.83502
636,2019-12,1.15,2019-12,Veículos,134801274138.17274
637,2020-01,0.21,2020-01,Cartão de crédito,6452981384.009932
638,2020-01,0.21,2020-01,Empréstimo com consignação em folha,330547818880.4416
639,2020-01,0.21,2020-01,Empréstimo sem consignação em folha,69843296069.88503
640,2020-01,0.21,2020-01,Habitacional,696900159556.8159
641,2020-01,0.21,2020-01,Outros créditos,58376317203.06878
642,2020-01,0.21,2020-01,Rural e agroindustrial,166694662005.1972
643,2020-01,0.21,2020-01,Veículos,135765552297.2382
644,2020-02,0.25,2020-02,Cartão de crédito,6571046504.671197
645,2020-02,0.25,2020-02,Empréstimo com consignação em folha,334539980296.66034
646,2020-02,0.25,2020-02,Empréstimo sem consignação em folha,70887620741.26724
647,2020-02,0.25,2020-02,Habitacional,698858457774.1063
648,2020-02,0.25,2020-02,Outros créditos,58226863376.40763
649,2020-02,0.25,2020-02,Rural e agroindustrial,167713494181.6659
650,2020-02,0.25,2020-02,Veículos,136795538416.024
651,2020-03,0.07,2020-03,Cartão de crédito,9164052364.154627
652,2020-03,0.07,2020-03,Empréstimo com consignação em folha,337083545828.52765
653,2020-03,0.07,2020-03,Empréstimo sem consignação em folha,71315206222.43175
654,2020-03,0.07,2020-03,Habitacional,702126459693.0522
655,2020-03,0.07,2020-03,Outros créditos,62765886135.085625
656,2020-03,0.07,2020-03,Rural e agroindustrial,171569232733.82455
657,2020-03,0.07,2020-03,Veículos,135843169532.0977
658,2020-04,-0.31,2020-04,Cartão de crédito,9651114162.116674
659,2020-04,-0.31,2020-04,Empréstimo com consignação em folha,338144916035.0656
660,2020-04,-0.31,2020-04,Empréstimo sem consignação em folha,72041118042.73048
661,2020-04,-0.31,2020-04,Habitacional,709164274697.0814
662,2020-04,-0.31,2020-04,Outros créditos,67209717393.851746
663,2020-04,-0.31,2020-04,Rural e agroindustrial,175260334181.46362
664,2020-04,-0.31,2020-04,Veículos,135016139193.19148
665,2020-05,-0.38,2020-05,Cartão de crédito,9771230829.166265
666,2020-05,-0.38,2020-05,Empréstimo com consignação em folha,340392460946.0449
667,2020-05,-0.38,2020-05,Empréstimo sem consignação em folha,72292712340.66074
668,2020-05,-0.38,2020-05,Habitacional,718687175106.7544
669,2020-05,-0.38,2020-05,Outros créditos,69927398101.24396
670,2020-05,-0.38,2020-05,Rural e agroindustrial,176312935242.01974
671,2020-05,-0.38,2020-05,Veículos,133808643564.0295
672,2020-06,0.26,2020-06,Cartão de crédito,10028972446.645262
673,2020-06,0.26,2020-06,Empréstimo com consignação em folha,344999123254.9413
674,2020-06,0.26,2020-06,Empréstimo sem consignação em folha,74015632962.5906
675,2020-06,0.26,2020-06,Habitacional,731751674269.1854
676,2020-06,0.26,2020-06,Outros créditos,72511341705.71617
677,2020-06,0.26,2020-06,Rural e agroindustrial,179558918570.776
678,2020-06,0.26,2020-06,Veículos,134901829746.08157
679,2020-07,0.36,2020-07,Cartão de crédito,10301346815.294735
680,2020-07,0.36,2020-07,Empréstimo com consignação em folha,349592844308.9834
681,2020-07,0.36,2020-07,Empréstimo sem consignação em folha,75635743651.55623
682,2020-07,0.36,2020-07,Habitacional,737105940857.5344
683,2020-07,0.36,2020-07,Outros créditos,73055047672.10133
684,2020-07,0.36,2020-07,Rural e agroindustrial,179636118668.68155
685,2020-07,0.36,2020-07,Veículos,135538030868.71486
686,2020-08,0.24,2020-08,Cartão de crédito,10318027611.659891
687,2020-08,0.24,2020-08,Empréstimo com consignação em folha,351723787003.1231
688,2020-08,0.24,2020-08,Empréstimo sem consignação em folha,76236318128.66258
689,2020-08,0.24,2020-08,Habitacional,743696482691.7847
690,2020-08,0.24,2020-08,Outros créditos,75095124479.32002
691,2020-08,0.24,2020-08,Rural e agroindustrial,181258132484.63602
692,2020-08,0.24,2020-08,Veículos,136434805238.9424
693,2020-09,0.64,2020-09,Cartão de crédito,10298428489.946419
694,2020-09,0.64,2020-09,Empréstimo com consignação em folha,356916732815.2592
695,2020-09,0.64,2020-09,Empréstimo sem consignação em folha,79383589254.10143
696,2020-09,0.64,2020-09,Habitacional,749783633682.7542
697,2020-09,0.64,2020-09,Outros créditos,76421743381.5483
698,2020-09,0.64,2020-09,Rural e agroindustrial,184926065619.71417
699,2020-09,0.64,2020-09,Veículos,138452814785.58142
700,2020-10,0.86,2020-10,Cartão de crédito,10316054030.166203
701,2020-10,0.86,2020-10,Empréstimo com consignação em folha,365973973986.5049
702,2020-10,0.86,2020-10,Empréstimo sem consignação em folha,81585690532.31596
703,2020-10,0.86,2020-10,Habitacional,753295285297.3151
704,2020-10,0.86,2020-10,Outros créditos,77099663707.42229
705,2020-10,0.86,2020-10,Rural e agroindustrial,186876489193.47992
706,2020-10,0.86,2020-10,Veículos,139854925165.88837
707,2020-11,0.89,2020-11,Cartão de crédito,10714312312.904388
708,2020-11,0.89,2020-11,Empréstimo com consignação em folha,372575990927.734
709,2020-11,0.89,2020-11,Empréstimo sem consignação em folha,85279348412.74452
710,2020-11,0.89,2020-11,Habitacional,755815776740.1136
711,2020-11,0.89,2020-11,Outros créditos,76918880353.83221
712,2020-11,0.89,2020-11,Rural e agroindustrial,186686891165.38882
713,2020-11,0.89,2020-11,Veículos,141597686642.72058
714,2020-12,1.35,2020-12,Cartão de crédito,10335774550.59751
715,2020-12,1.35,2020-12,Empréstimo com consignação em folha,375208471057.1546
716,2020-12,1.35,2020-12,Empréstimo sem consignação em folha,87786294067.408
717,2020-12,1.35,2020-12,Habitacional,758689109463.3303
718,2020-12,1.35,2020-12,Outros créditos,76603065650.4808
719,2020-12,1.35,2020-12,Rural e agroindustrial,188234414321.67087
720,2020-12,1.35,2020-12,Veículos,143816618706.89008
721,2021-01,0.25,2021-01,Cartão de crédito,10259581089.941483
722,2021-01,0.25,2021-01,Empréstimo com consignação em folha,373504529981.6288
723,2021-01,0.25,2021-01,Empréstimo sem consignação em folha,87212722394.9613
724,2021-01,0.25,2021-01,Habitacional,754344790684.178
725,2021-01,0.25,2021-01,Outros créditos,75443055549.22139
726,2021-01,0.25,2021-01,Rural e agroindustrial,187644278188.50894
727,2021-01,0.25,2021-01,Veículos,142719633441.68628
728,2021-02,0.86,2021-02,Cartão de crédito,10349142071.694895
729,2021-02,0.86,2021-02,Empréstimo com consignação em folha,376402502902.3046
730,2021-02,0.86,2021-02,Empréstimo sem consignação em folha,88782736332.4189
731,2021-02,0.86,2021-02,Habitacional,759886266491.8394
732,2021-02,0.86,2021-02,Outros créditos,75675782541.452
733,2021-02,0.86,2021-02,Rural e agroindustrial,189284119324.00818
734,2021-02,0.86,2021-02,Veículos,144108777118.79102
735,2021-03,0.93,2021-03,Cartão de crédito,10835795603.91215
736,2021-03,0.93,2021-03,Empréstimo com consignação em folha,377455854848.9002
737,2021-03,0.93,2021-03,Empréstimo sem consignação em folha,90366903118.12944
738,2021-03,0.93,2021-03,Habitacional,763624475841.0416
739,2021-03,0.93,2021-03,Outros créditos,76835179211.60211
740,2021-03,0.93,2021-03,Rural e agroindustrial,194788004541.4214
741,2021-03,0.93,2021-03,Veículos,142909149116.07468
742,2021-04,0.31,2021-04,Cartão de crédito,10484205430.00336
743,2021-04,0.31,2021-04,Empréstimo com consignação em folha,382701125771.67883
744,2021-04,0.31,2021-04,Empréstimo sem consignação em folha,91593261152.44157
745,2021-04,0.31,2021-04,Habitacional,765640687048.5563
746,2021-04,0.31,2021-04,Outros créditos,76709344943.7469
747,2021-04,0.31,2021-04,Rural e agroindustrial,199629244490.43008
748,2021-04,0.31,2021-04,Veículos,142503924440.6808
749,2021-05,0.83,2021-05,Cartão de crédito,10520276207.795103
750,2021-05,0.83,2021-05,Empréstimo com consignação em folha,390786798819.56537
751,2021-05,0.83,2021-05,Empréstimo sem consignação em folha,93484007269.63326
752,2021-05,0.83,2021-05,Habitacional,771577382736.6006
753,2021-05,0.83,2021-05,Outros créditos,76839854388.33315
754,2021-05,0.83,2021-05,Rural e agroindustrial,201282311261.05322
755,2021-05,0.83,2021-05,Veículos,142952962673.99063
756,2021-06,0.53,2021-06,Cartão de crédito,10705864699.583149
757,2021-06,0.53,2021-06,Empréstimo com consignação em folha,395325504897.4685
758,2021-06,0.53,2021-06,Empréstimo sem consignação em folha,95564786700.24509
759,2021-06,0.53,2021-06,Habitacional,777190987134.7546
760,2021-06,0.53,2021-06,Outros créditos,75970490211.37541
761,2021-06,0.53,2021-06,Rural e agroindustrial,203785806448.16858
762,2021-06,0.53,2021-06,Veículos,143236285334.24643
763,2021-07,0.96,2021-07,Cartão de crédito,10876927644.86183
764,2021-07,0.96,2021-07,Empréstimo com consignação em folha,408456564280.11523
765,2021-07,0.96,2021-07,Empréstimo sem consignação em folha,98750407703.48187
766,2021-07,0.96,2021-07,Habitacional,783478917963.2374
767,2021-07,0.96,2021-07,Outros créditos,77370192672.57396
768,2021-07,0.96,2021-07,Rural e agroindustrial,202039994677.43417
769,2021-07,0.96,2021-07,Veículos,143781994012.67487
770,2021-08,0.87,2021-08,Cartão de crédito,11027139900.651833
771,2021-08,0.87,2021-08,Empréstimo com consignação em folha,411861339517.90204
772,2021-08,0.87,2021-08,Empréstimo sem consignação em folha,101327887092.05847
773,2021-08,0.87,2021-08,Habitacional,787450114230.9457
774,2021-08,0.87,2021-08,Outros créditos,78787937750.66386
775,2021-08,0.87,2021-08,Rural e agroindustrial,202708027626.1586
776,2021-08,0.87,2021-08,Veículos,144528801089.45047
777,2021-09,1.16,2021-09,Cartão de crédito,9112581756.218435
778,2021-09,1.16,2021-09,Empréstimo com consignação em folha,414752191683.659
779,2021-09,1.16,2021-09,Empréstimo sem consignação em folha,104501029017.5316
780,2021-09,1.16,2021-09,Habitacional,790519675385.1351
781,2021-09,1.16,2021-09,Outros créditos,81159808987.8632
782,2021-09,1.16,2021-09,Rural e agroindustrial,204781098689.10077
783,2021-09,1.16,2021-09,Veículos,145032511166.6637
784,2021-10,1.25,2021-10,Cartão de crédito,11417214652.89717
785,2021-10,1.25,2021-10,Empréstimo com consignação em folha,415333516424.50586
786,2021-10,1.25,2021-10,Empréstimo sem consignação em folha,106039774200.34608
787,2021-10,1.25,2021-10,Habitacional,790336370538.5991
788,2021-10,1.25,2021-10,Outros créditos,79686973164.50453
789,2021-10,1.25,2021-10,Rural e agroindustrial,208537526709.04233
790,2021-10,1.25,2021-10,Veículos,144394224205.94382
791,2021-11,0.95,2021-11,Cartão de crédito,11909240423.664207
792,2021-11,0.95,2021-11,Empréstimo com consignação em folha,414435346264.86316
793,2021-11,0.95,2021-11,Empréstimo sem consignação em folha,106079071473.33324
794,2021-11,0.95,2021-11,Habitacional,789624914704.3796
795,2021-11,0.95,2021-11,Outros créditos,79906636903.50429
796,2021-11,0.95,2021-11,Rural e agroindustrial,208668457138.075
797,2021-11,0.95,2021-11,Veículos,143040960409.91547
798,2021-12,0.73,2021-12,Cartão de crédito,12043165932.884874
799,2021-12,0.73,2021-12,Empréstimo com consignação em folha,414331142594.5405
800,2021-12,0.73,2021-12,Empréstimo sem consignação em folha,107817850933.90189
801,2021-12,0.73,2021-12,Habitacional,791227456245.1062
802,2021-12,0.73,2021-12,Outros créditos,79492152833.74152
803,2021-12,0.73,2021-12,Rural e agroindustrial,211689090377.7059
804,2021-12,0.73,2021-12,Veículos,142951423066.8447
805,2022-01,0.54,2022-01,Cartão de crédito,11894983729.841219
806,2022-01,0.54,2022-01,Empréstimo com consignação em folha,411478067538.5916
807,2022-01,0.54,2022-01,Empréstimo sem consignação em folha,109712828486.59184
808,2022-01,0.54,2022-01,Habitacional,791635980474.2684
809,2022-01,0.54,2022-01,Outros créditos,79310542427.35718
810,2022-01,0.54,2022-01,Rural e agroindustrial,212448113528.195
811,2022-01,0.54,2022-01,Veículos,141999407680.1182
812,2022-02,1.01,2022-02,Cartão de crédito,12209817190.84052
813,2022-02,1.01,2022-02,Empréstimo com consignação em folha,410843500238.15643
814,2022-02,1.01,2022-02,Empréstimo sem consignação em folha,111680739671.35811
815,2022-02,1.01,2022-02,Habitacional,792895013226.2638
816,2022-02,1.01,2022-02,Outros créditos,80387712420.32509
817,2022-02,1.01,2022-02,Rural e agroindustrial,212780494684.298
818,2022-02,1.01,2022-02,Veículos,142123744692.06775
819,2022-03,1.62,2022-03,Cartão de crédito,12507258261.25537
820,2022-03,1.62,2022-03,Empréstimo com consignação em folha,411085858064.66736
821,2022-03,1.62,2022-03,Empréstimo sem consignação em folha,113074094284.10443
822,2022-03,1.62,2022-03,Habitacional,792085828387.1759
823,2022-03,1.62,2022-03,Outros créditos,80993216107.72008
824,2022-03,1.62,2022-03,Rural e agroindustrial,213137641567.20764
825,2022-03,1.62,2022-03,Veículos,140696037969.47858
826,2022-04,1.06,2022-04,Cartão de crédito,12604882820.05413
827,2022-04,1.06,2022-04,Empréstimo com consignação em folha,414370425410.21704
828,2022-04,1.06,2022-04,Empréstimo sem consignação em folha,111725645503.74388
829,2022-04,1.06,2022-04,Habitacional,786062374753.4442
830,2022-04,1.06,2022-04,Outros créditos,81757223832.46976
831,2022-04,1.06,2022-04,Rural e agroindustrial,212891632733.59207
832,2022-04,1.06,2022-04,Veículos,138474334733.9298
833,2022-05,0.47,2022-05,Cartão de crédito,12923762438.702114
834,2022-05,0.47,2022-05,Empréstimo com consignação em folha,415568823224.38293
835,2022-05,0.47,2022-05,Empréstimo sem consignação em folha,111103849535.41077
836,2022-05,0.47,2022-05,Habitacional,786400765864.3661
837,2022-05,0.47,2022-05,Outros créditos,82474629487.65771
838,2022-05,0.47,2022-05,Rural e agroindustrial,212104354046.3499
839,2022-05,0.47,2022-05,Veículos,137555720218.97342
840,2022-06,0.67,2022-06,Cartão de crédito,13356572792.93092
841,2022-06,0.67,2022-06,Empréstimo com consignação em folha,417665688410.4311
842,2022-06,0.67,2022-06,Empréstimo sem consignação em folha,112237478610.90608
843,2022-06,0.67,2022-06,Habitacional,792384745893.4451
844,2022-06,0.67,2022-06,Outros créditos,84649685294.0856
845,2022-06,0.67,2022-06,Rural e agroindustrial,217343613296.39798
846,2022-06,0.67,2022-06,Veículos,137494429316.28894
847,2022-07,-0.68,2022-07,Cartão de crédito,13583051252.739117
848,2022-07,-0.68,2022-07,Empréstimo com consignação em folha,418820444352.1572
849,2022-07,-0.68,2022-07,Empréstimo sem consignação em folha,112541825472.68077
850,2022-07,-0.68,2022-07,Habitacional,796908410759.1611
851,2022-07,-0.68,2022-07,Outros créditos,84809448629.07784
852,2022-07,-0.68,2022-07,Rural e agroindustrial,220942933402.2975
853,2022-07,-0.68,2022-07,Veículos,136452490922.75975
854,2022-08,-0.36,2022-08,Cartão de crédito,13197231788.281916
855,2022-08,-0.36,2022-08,Empréstimo com consignação em folha,426504384415.1429
856,2022-08,-0.36,2022-08,Empréstimo sem consignação em folha,115030078403.57364
857,2022-08,-0.36,2022-08,Habitacional,812750017346.3878
858,2022-08,-0.36,2022-08,Outros créditos,86571534677.75642
859,2022-08,-0.36,2022-08,Rural e agroindustrial,230691037036.78415
860,2022-08,-0.36,2022-08,Veículos,138551803289.5891
861,2022-09,-0.29,2022-09,Cartão de crédito,13766267324.563156
862,2022-09,-0.29,2022-09,Empréstimo com consignação em folha,432360800201.53107
863,2022-09,-0.29,2022-09,Empréstimo sem consignação em folha,117732818134.44295
864,2022-09,-0.29,2022-09,Habitacional,825483650559.2883
865,2022-09,-0.29,2022-09,Outros créditos,88439018280.29013
866,2022-09,-0.29,2022-09,Rural e agroindustrial,238944563280.58173
867,2022-09,-0.29,2022-09,Veículos,140019562266.34647
868,2022-10,0.59,2022-10,Cartão de crédito,14457975455.356472
869,2022-10,0.59,2022-10,Empréstimo com consignação em folha,441265908613.4186
870,2022-10,0.59,2022-10,Empréstimo sem consignação em folha,118117489799.3839
871,2022-10,0.59,2022-10,Habitacional,836909453508.6879
872,2022-10,0.59,2022-10,Outros créditos,90615470966.93585
873,2022-10,0.59,2022-10,Rural e agroindustrial,244626886591.40808
874,2022-10,0.59,2022-10,Veículos,140760389410.55615
875,2022-11,0.41,2022-11,Cartão de crédito,14875697311.504637
876,2022-11,0.41,2022-11,Empréstimo com consignação em folha,443063775207.8062
877,2022-11,0.41,2022-11,Empréstimo sem consignação em folha,119978380672.20306
878,2022-11,0.41,2022-11,Habitacional,840729699043.4059
879,2022-11,0.41,2022-11,Outros créditos,90044328826.12474
880,2022-11,0.41,2022-11,Rural e agroindustrial,247087947558.00162
881,2022-11,0.41,2022-11,Veículos,141131793741.92108
882,2022-12,0.62,2022-12,Cartão de crédito,14729123032.44982
883,2022-12,0.62,2022-12,Empréstimo com consignação em folha,442702132269.0956
884,2022-12,0.62,2022-12,Empréstimo sem consignação em folha,118883523463.24043
885,2022-12,0.62,2022-12,Habitacional,845638176640.7845
886,2022-12,0.62,2022-12,Outros créditos,91916687101.323
887,2022-12,0.62,2022-12,Rural e agroindustrial,250224075710.48672
888,2022-12,0.62,2022-12,Veículos,141417582595.7195
889,2023-01,0.53,2023-01,Cartão de crédito,14715853276.212706
890,2023-01,0.53,2023-01,Empréstimo com consignação em folha,446158272173.6333
891,2023-01,0.53,2023-01,Empréstimo sem consignação em folha,119195492797.52132
892,2023-01,0.53,2023-01,Habitacional,847286083473.8765
893,2023-01,0.53,2023-01,Outros créditos,92309424711.47403
894,2023-01,0.53,2023-01,Rural e agroindustrial,251167694172.02554
895,2023-01,0.53,2023-01,Veículos,141295420865.7383
896,2023-02,0.84,2023-02,Cartão de crédito,14877373369.42
897,2023-02,0.84,2023-02,Empréstimo com consignação em folha,447076224634.97003
898,2023-02,0.84,2023-02,Empréstimo sem consignação em folha,119334568611.84
899,2023-02,0.84,2023-02,Habitacional,849157660884.14
900,2023-02,0.84,2023-02,Outros créditos,92900165832.2
901,2023-02,0.84,2023-02,Rural e agroindustrial,252867922941.1
902,2023-02,0.84,2023-02,Veículos,140608885472.77
903,2023-03,0.71,2023-03,Cartão de crédito,18039790022.859367
904,2023-03,0.71,2023-03,Empréstimo com consignação em folha,445083287462.8091
905,2023-03,0.71,2023-03,Empréstimo sem consignação em folha,119028994061.02774
906,2023-03,0.71,2023-03,Habitacional,851661451367.4736
907,2023-03,0.71,2023-03,Outros créditos,93189233123.9179
908,2023-03,0.71,2023-03,Rural e agroindustrial,258580463484.29092
909,2023-03,0.71,2023-03,Veículos,140381460392.6351
910,2023-04,0.61,2023-04,Cartão de crédito,17767206165.397896
911,2023-04,0.61,2023-04,Empréstimo com consignação em folha,443954298258.5538
912,2023-04,0.61,2023-04,Empréstimo sem consignação em folha,118681818934.35527
913,2023-04,0.61,2023-04,Habitacional,853368604704.375
914,2023-04,0.61,2023-04,Outros créditos,92649599464.61378
915,2023-04,0.61,2023-04,Rural e agroindustrial,260836383340.27078
916,2023-04,0.61,2023-04,Veículos,139523046772.94873
917,2023-05,0.23,2023-05,Cartão de crédito,16740173146.375729
918,2023-05,0.23,2023-05,Empréstimo com consignação em folha,442813485070.2456
919,2023-05,0.23,2023-05,Empréstimo sem consignação em folha,118567342713.97354
920,2023-05,0.23,2023-05,Habitacional,855715469626.5413
921,2023-05,0.23,2023-05,Outros créditos,93263014541.1007
922,2023-05,0.23,2023-05,Rural e agroindustrial,260171061355.64508
923,2023-05,0.23,2023-05,Veículos,139206720039.20135
924,2023-06,-0.08,2023-06,Cartão de crédito,18011487637.70814
925,2023-06,-0.08,2023-06,Empréstimo com consignação em folha,438930518733.12726
926,2023-06,-0.08,2023-06,Empréstimo sem consignação em folha,116800359150.23463
927,2023-06,-0.08,2023-06,Habitacional,862015201600.0508
928,2023-06,-0.08,2023-06,Outros créditos,93495774843.44574
929,2023-06,-0.08,2023-06,Rural e agroindustrial,262036289168.3707
930,2023-06,-0.08,2023-06,Veículos,140129304430.52493
931,2023-07,0.12,2023-07,Cartão de crédito,17859798114.969727
932,2023-07,0.12,2023-07,Empréstimo com consignação em folha,435553724291.6724
933,2023-07,0.12,2023-07,Empréstimo sem consignação em folha,117301603690.28563
934,2023-07,0.12,2023-07,Habitacional,870467995267.2163
935,2023-07,0.12,2023-07,Outros créditos,93466998621.81424
936,2023-07,0.12,2023-07,Rural e agroindustrial,261846944785.9163
937,2023-07,0.12,2023-07,Veículos,141272511707.00055
938,2023-08,0.23,2023-08,Cartão de crédito,18115435206.45851
939,2023-08,0.23,2023-08,Empréstimo com consignação em folha,441039397405.4908
940,2023-08,0.23,2023-08,Empréstimo sem consignação em folha,120325813280.21819
941,2023-08,0.23,2023-08,Habitacional,877486850449.0775
942,2023-08,0.23,2023-08,Outros créditos,93982307053.99693
943,2023-08,0.23,2023-08,Rural e agroindustrial,268633425064.9144
944,2023-08,0.23,2023-08,Veículos,143383364809.0793
945,2023-09,0.26,2023-09,Cartão de crédito,18691376099.023785
946,2023-09,0.26,2023-09,Empréstimo com consignação em folha,444136667470.60046
947,2023-09,0.26,2023-09,Empréstimo sem consignação em folha,119473586597.99683
948,2023-09,0.26,2023-09,Habitacional,884984335406.1423
949,2023-09,0.26,2023-09,Outros créditos,96125197489.67148
950,2023-09,0.26,2023-09,Rural e agroindustrial,274208316949.5703
951,2023-09,0.26,2023-09,Veículos,144811996264.15268
